,200,300,400,500,600,700,800,900,1000,1100,1200,1300,1400,1500,1600,1700,1800,1900,2000,2100,2200,2300
mp-10103,0.0,0.0,0.0,0.0,0.0,0.0,0.0,0.0,0.0,0.0,0.0,0.0,0.0,0.0,0.0,1.821e-06,,,,,,
mp-10182,0.0,0.0,0.0,0.0,0.0,2.151e-05,3.602e-05,,,,,,,,,,,,,,,
mp-10250,0.0,0.0,0.0,0.0,0.0,0.0,0.0,0.0,0.0,0.0,0.0,0.0,0.0,0.0,0.0,0.0,0.0,0.0,0.0,0.0,0.0,0.0
mp-10251,0.0,0.0,0.0,0.0,0.0,0.0,0.0,0.0,0.0,0.0,0.0,3.712e-06,2.685e-06,1.055e-05,1.171e-05,1.327e-05,1.488e-05,2.199e-05,1.918e-05,3.1e-05,3.317e-05,3.76e-05
mp-10485,0.0,0.0,0.0,0.0,0.0,0.0,0.0,0.0,4.298e-06,3.287e-06,5.726e-06,8.169e-05,0.0001038,,,,,,,,,
mp-10499,0.0,0.0,0.0,3.811e-06,1.638e-05,2.177e-05,3.387e-05,6.198e-05,6.581e-05,9.809e-05,0.0001155,0.0001426,0.0001481,0.0001725,0.0002006,0.000226,0.0002373,0.0002585,0.0002744,0.0002925,0.000293,0.0003273
mp-10517,0.0,0.0,0.0,0.0,0.0,0.0,0.0,0.0,0.0,3.979e-06,2e-05,2.409e-05,3.695e-05,4.824e-05,4.869e-05,6.805e-05,6.822e-05,8.972e-05,0.000111,0.0001073,9.942e-05,0.0001252
mp-10520,0.0,0.0,0.0,0.0,0.0,0.0,0.0,0.0,0.0,0.0,0.0,0.0,2.979e-06,6.009e-06,1.127e-05,1.914e-05,4.926e-05,5.759e-05,8.799e-05,0.0001004,0.0001083,0.0001269
mp-10555,0.0,0.0,0.0,0.0,0.0,0.0,0.0,0.0,0.0,0.0,0.0,0.0,8.988e-07,1.264e-06,1.248e-05,1.725e-05,,,,,,
mp-10556,0.0,0.0,0.0,0.0,0.0,0.0,0.0,0.0,0.0,0.0,0.0,0.0,0.0,0.0,0.0,0.0,3.896e-06,0.0,1.039e-05,,,
mp-10615,0.0,0.0,0.0,0.0,0.0,0.0,0.0,0.0,0.0,0.0,2.759e-06,5.136e-05,6.485e-05,,,,,,,,,
mp-10616,0.0,0.0,0.0,0.0,0.0,0.0,0.0,0.0,0.0,0.0,,,,,,,,,,,,
mp-10620,0.0,0.0,0.0,0.0,0.0,0.0,0.0,0.0,0.0,0.0,0.0,0.0,0.0,0.0,0.0,0.0,0.0,0.0,0.0,0.0,0.0,0.0
mp-10814,0.0,0.0,0.0,0.0,0.0,0.0,0.0,0.0,0.0,0.0,0.0,0.0,0.0,0.0,0.0,0.0,0.0,0.0,0.0,,,
mp-10970,0.0,0.0,0.0,0.0,0.0,0.0,0.0,0.0,0.0,0.0,0.0,0.0,0.0,5.975e-07,7.488e-06,2.334e-06,6.528e-06,1.162e-05,1.649e-05,1.959e-05,2.032e-05,2.926e-05
mp-10971,0.0,0.0,0.0,0.0,0.0,0.0,0.0,0.0,0.0,0.0,0.0,0.0,0.0,0.0,4.925e-07,5.835e-07,2.32e-06,4.885e-06,1.27e-05,1.103e-05,1.105e-05,2.008e-05
mp-11175,6.063e-06,1.921e-05,3.37e-05,5.821e-05,,,,,,,,,,,,,,,,,,
mp-11189,0.0,0.0,0.0,0.0,0.0,0.0,0.0,0.0,0.0,0.0,0.0,0.0,0.0,0.0,0.0,0.0,2.244e-06,1.853e-05,2.034e-05,,,
mp-1138,0.0,0.0,0.0,0.0,0.0,0.0,0.0,0.0,0.0,0.0,0.0,0.0,0.0,0.0,0.0,0.0,0.0,0.0,0.0,0.0,0.0,0.0
mp-1153,0.0,0.0,0.0,0.0,0.0,0.0,2.591e-05,5.827e-05,7.527e-05,8.961e-05,,,,,,,,,,,,
mp-11582,0.0,0.0,0.0,1.981e-05,,,,,,,,,,,,,,,,,,
mp-12160,0.0,0.0,0.0,0.0,0.0,4.319e-06,5.825e-06,1.161e-05,1.185e-05,1.907e-05,2.922e-05,3.164e-05,4.413e-05,,,,,,,,,
mp-12240,0.0,0.0,0.0,0.0,0.0,0.0,0.0,0.0,0.0,0.0,,,,,,,,,,,,
mp-12263,0.0,0.0,0.0,0.0,0.0,0.0,0.0,0.0,3.603e-05,6.553e-05,,,,,,,,,,,,
mp-12403,0.0,0.0,0.0,1.072e-05,,,,,,,,,,,,,,,,,,
mp-12448,0.0,0.0,0.0,0.0,0.0,0.0,0.0,0.0,0.0,0.0,0.0,0.0,0.0,0.0,0.0,0.0,0.0,0.0,0.0,0.0,0.0,0.0
mp-12449,0.0,0.0,0.0,0.0,0.0,0.0,0.0,0.0,0.0,0.0,0.0,0.0,0.0,0.0,0.0,0.0,0.0,0.0,0.0,0.0,0.0,0.0
mp-12450,0.0,0.0,0.0,0.0,0.0,0.0,0.0,0.0,0.0,0.0,0.0,0.0,0.0,0.0,0.0,0.0,0.0,0.0,0.0,0.0,0.0,0.0
mp-12451,0.0,0.0,0.0,0.0,0.0,0.0,0.0,0.0,0.0,0.0,0.0,0.0,0.0,0.0,0.0,0.0,0.0,0.0,0.0,0.0,0.0,0.0
mp-12525,0.0,0.0,0.0,0.0,0.0,0.0,0.0,0.0,0.0,0.0,0.0,0.0,0.0,0.0,0.0,0.0,0.0,0.0,0.0,0.0,0.0,0.0
mp-12558,0.0,0.0,0.0,0.0,0.0,0.0,4.68e-06,,,,,,,,,,,,,,,
mp-12645,0.0,0.0,0.0,0.0,0.0,0.0,0.0,0.0,0.0,0.0,0.0,0.0,2.302e-06,2.888e-06,6.172e-06,1.179e-05,1.072e-05,1.337e-05,1.418e-05,1.954e-05,3.199e-05,3.132e-05
mp-12829,0.0,0.0,0.0,0.0,0.0,0.0,0.0,0.0,0.0,0.0,0.0,0.0,1.473e-06,,,,,,,,,
mp-13182,0.0,0.0,0.0,0.0,0.0,0.0,0.0,0.0,0.0,0.0,0.0,0.0,0.0,0.0,0.0,0.0,3.52e-06,1.741e-06,2.344e-06,7.499e-06,7.641e-05,0.0001036
mp-13276,0.0,0.0,0.0,0.0,0.0,0.0,0.0,0.0,0.0,0.0,0.0,0.0,0.0,1.662e-06,0.0,0.0,,,,,,
mp-13277,0.0,0.0,0.0,0.0,0.0,0.0,0.0,0.0,0.0,0.0,5.539e-06,6.147e-06,5.906e-05,,,,,,,,,
mp-13634,0.0,0.0,0.0,0.0,0.0,0.0,0.0,0.0,0.0,0.0,0.0,0.0,0.0,0.0,0.0,0.0,0.0,0.0,0.0,,,
mp-13725,0.0,0.0,0.0,0.0,0.0,0.0,0.0,0.0,0.0,0.0,0.0,0.0,0.0,2.949e-06,1.542e-05,5.273e-05,,,,,,
mp-13772,0.0,0.0,0.0,0.0,0.0,0.0,0.0,0.0,0.0,0.0,0.0,0.0,0.0,0.0,0.0,0.0,0.0,0.0,0.0,0.0,0.0,0.0
mp-1378,0.0,0.0,0.0,0.0,0.0,0.0,2.967e-05,,,,,,,,,,,,,,,
mp-13843,0.0,0.0,0.0,0.0,0.0,0.0,0.0,0.0,0.0,6.516e-06,2.064e-05,2.982e-05,4.741e-05,5.543e-05,7.923e-05,8.529e-05,0.0001011,0.000117,0.0001246,,,
mp-13944,0.0,0.0,0.0,0.0,0.0,0.0,0.0,0.0,0.0,0.0,0.0,0.0,0.0,4.752e-06,8.665e-06,1.483e-05,2.484e-05,2.823e-05,4.708e-05,5.247e-05,6.267e-05,7.28e-05
mp-13985,0.0,0.0,0.0,0.0,0.0,0.0,0.0,0.0,0.0,0.0,2.322e-06,9.405e-06,2.034e-05,,,,,,,,,
mp-13986,0.0,0.0,0.0,0.0,0.0,0.0,0.0,0.0,0.0,1.577e-06,3.339e-06,6.27e-06,3.929e-05,,,,,,,,,
mp-14023,0.0,0.0,0.0,0.0,0.0,0.0,0.0,0.0,0.0,0.0,0.0,2.318e-05,5.597e-05,,,,,,,,,
mp-14115,0.0,0.0,0.0,0.0,0.0,0.0,0.0,0.0,0.0,0.0,0.0,0.0,0.0,0.0,0.0,0.0,0.0,0.0,0.0,0.0,0.0,0.0
mp-14232,0.0,0.0,0.0,0.0,0.0,0.0,0.0,0.0,0.0,0.0,0.0,0.0,0.0,0.0,0.0,0.0,0.0,0.0,0.0,0.0,0.0,0.0
mp-14363,0.0,0.0,0.0,0.0,0.0,0.0,0.0,0.0,0.0,0.0,0.0,0.0,0.0,0.0,0.0,0.0,,,,,,
mp-14364,0.0,0.0,0.0,0.0,0.0,0.0,0.0,0.0,0.0,0.0,0.0,0.0,0.0,0.0,0.0,0.0,,,,,,
mp-14399,0.0,0.0,0.0,0.0,0.0,0.0,7.318e-06,1.464e-05,5.244e-05,3.574e-05,5.25e-05,4.685e-05,5.009e-05,8.883e-05,0.0001281,0.0001437,0.0001766,0.0001735,0.0001873,0.0002376,0.000271,0.0002609
mp-14476,0.0,0.0,0.0,0.0,0.0,0.0,0.0,0.0,0.0,0.0,0.0,0.0,0.0,0.0,0.0,0.0,0.0,0.0,0.0,0.0,0.0,0.0
mp-14484,0.0,0.0,0.0,0.0,0.0,0.0,0.0,0.0,0.0,0.0,,,,,,,,,,,,
mp-14488,0.0,0.0,0.0,0.0,1.032e-05,8.313e-06,2.013e-05,2.115e-05,4.169e-05,4.691e-05,4.617e-05,0.0,6.079e-05,,,,,,,,,
mp-14495,0.0,0.0,0.0,0.0,0.0,0.0,0.0,0.0,0.0,1.972e-06,4.8e-06,1.515e-05,3.214e-05,,,,,,,,,
mp-14591,0.0,0.0,2.2e-06,2.591e-05,,,,,,,,,,,,,,,,,,
mp-14638,0.0,0.0,0.0,0.0,0.0,0.0,0.0,0.0,0.0,0.0,0.0,0.0,0.0,0.0,0.0,0.0,,,,,,
mp-14646,0.0,0.0,0.0,0.0,0.0,9.006e-06,1.761e-05,2.286e-05,3.799e-05,3.543e-05,,,,,,,,,,,,
mp-14704,0.0,0.0,0.0,0.0,0.0,3.957e-06,5.634e-06,9.115e-06,1.363e-05,1.902e-05,3.059e-05,3.831e-05,4.599e-05,,,,,,,,,
mp-14712,0.0,0.0,0.0,0.0,0.0,0.0,0.0,0.0,0.0,2.658e-06,1.167e-05,2.868e-05,4.559e-05,5.78e-05,7.425e-05,8.757e-05,9.674e-05,0.0001113,0.0001203,,,
mp-14753,0.0,0.0,0.0,0.0,0.0,0.0,0.0,0.0,0.0,1.965e-06,5.32e-06,1.044e-05,1.74e-05,3.111e-05,4.398e-05,5.457e-05,6.627e-05,8.124e-05,9.407e-05,0.0001108,0.0001274,0.0001396
mp-14827,0.0,0.0,0.0,0.0,0.0,0.0,0.0,0.0,0.0,0.0,6.406e-06,1.117e-05,2.149e-05,3.188e-05,5.015e-05,6.523e-05,8.004e-05,9.391e-05,0.0001097,0.0001272,0.0001412,0.0001679
mp-14854,0.0,0.0,0.0,0.0,0.0,0.0,0.0,0.0,0.0,0.0,0.0,0.0,0.0,0.0,0.0,0.0,0.0,0.0,0.0,0.0,0.0,0.0
mp-14871,0.0,0.0,0.0,0.0,0.0,0.0,0.0,0.0,0.0,0.0,5.888e-06,1.058e-05,1.919e-05,2.929e-05,4.42e-05,8.057e-05,,,,,,
mp-15079,0.0,0.0,0.0,0.0,0.0,0.0,0.0,0.0,0.0,0.0,0.0,0.0,0.0,0.0,0.0,0.0,0.0,1.86e-05,2.197e-06,,,
mp-15254,0.0,0.0,0.0,0.0,0.0,0.0,0.0,0.0,3.168e-06,1.558e-05,2.389e-05,3.095e-05,4.23e-05,4.396e-05,6.121e-05,6.894e-05,,,,,,
mp-15349,0.0,0.0,0.0,0.0,0.0,0.0,0.0,0.0,0.0,0.0,0.0,0.0,0.0,0.0,0.0,2.945e-06,2.413e-06,1.781e-05,9.766e-05,,,
mp-15362,0.0,0.0,0.0,0.0,0.0,0.0,0.0,0.0,0.0,0.0,0.0,0.0,0.0,0.0,0.0,0.0,0.0,0.0,0.0,2.657e-06,4.678e-06,9.518e-06
mp-15472,0.0,0.0,0.0,0.0,0.0,0.0,0.0,0.0,0.0,0.0,0.0,0.0,0.0,0.0,0.0,0.0,0.0,0.0,0.0,0.0,0.0,0.0
mp-15543,0.0,0.0,0.0,0.0,0.0,0.0,0.0,0.0,0.0,0.0,0.0,0.0,0.0,,,,,,,,,
mp-15549,0.0,0.0,0.0,0.0,0.0,0.0,0.0,0.0,0.0,0.0,0.0,0.0,0.0,0.0,0.0,0.0,,,,,,
mp-15558,0.0,0.0,0.0,0.0,0.0,0.0,2.284e-06,8.436e-06,9.831e-06,1.894e-05,2.37e-05,3.488e-05,4.533e-05,5.575e-05,6.437e-05,9.184e-05,,,,,,
mp-15788,0.0,0.0,0.0,0.0,0.0,0.0,0.0,0.0,0.0,0.0,0.0,0.0,0.0,3.643e-06,2.531e-06,1.185e-05,1.455e-05,1.421e-05,7.888e-05,,,
mp-15789,0.0,0.0,0.0,0.0,0.0,0.0,0.0,0.0,0.0,0.0,0.0,0.0,0.0,5.302e-06,5.534e-06,1.002e-05,1.364e-05,2.065e-05,6.756e-05,,,
mp-15790,0.0,0.0,0.0,0.0,0.0,0.0,0.0,0.0,0.0,0.0,0.0,0.0,1.612e-06,3.222e-06,5.397e-06,6.252e-06,1.294e-05,1.903e-05,8.958e-05,,,
mp-15791,0.0,0.0,0.0,0.0,0.0,0.0,0.0,0.0,0.0,0.0,0.0,0.0,0.0,1.572e-06,2.86e-06,4.418e-06,1.141e-05,1.086e-05,2.002e-05,2.109e-05,4.122e-05,0.0001369
mp-15793,0.0,0.0,0.0,0.0,0.0,0.0,0.0,0.0,0.0,0.0,0.0,0.0,3.19e-06,7.076e-06,1.108e-05,6.555e-05,,,,,,
mp-15794,0.0,0.0,0.0,0.0,0.0,0.0,0.0,0.0,0.0,0.0,0.0,0.0,2.105e-06,9.367e-06,1.627e-05,3.174e-05,1.461e-05,0.0001053,0.0001157,,,
mp-15795,0.0,0.0,0.0,0.0,0.0,0.0,0.0,0.0,0.0,0.0,0.0,0.0,3.298e-06,6.71e-06,6.533e-06,1.427e-05,,,,,,
mp-15796,0.0,0.0,0.0,0.0,0.0,0.0,0.0,0.0,0.0,0.0,0.0,2.707e-06,3.992e-06,6.43e-06,6.711e-06,1.139e-05,1.112e-05,2.113e-05,5.927e-05,,,
mp-15797,0.0,0.0,0.0,0.0,0.0,0.0,0.0,0.0,0.0,0.0,0.0,0.0,1.672e-06,3.301e-06,5.829e-06,1.382e-05,1.815e-05,1.968e-05,8.191e-05,,,
mp-15845,0.0,0.0,0.0,0.0,0.0,0.0,0.0,0.0,0.0,5.026e-05,,,,,,,,,,,,
mp-15960,0.0,0.0,0.0,0.0,0.0,0.0,0.0,0.0,0.0,0.0,0.0,4.56e-06,1.264e-05,2.573e-05,4.248e-05,5.872e-05,6.821e-05,8.619e-05,9.562e-05,0.0001149,0.0001363,0.0001519
mp-15988,0.0,0.0,0.0,0.0,0.0,0.0,0.0,0.0,0.0,0.0,0.0,7.615e-06,4.855e-05,,,,,,,,,
mp-15999,0.0,0.0,0.0,0.0,0.0,3.618e-05,4.432e-05,,,,,,,,,,,,,,,
mp-16055,0.0,0.0,0.0,0.0,0.0,0.0,0.0,0.0,0.0,0.0,0.0,3.462e-06,1.177e-05,1.741e-05,2.179e-05,4.053e-05,3.756e-05,8.709e-05,4.962e-05,,,
mp-16264,0.0,0.0,0.0,0.0,0.0,0.0,0.0,0.0,0.0,0.0,0.0,0.0,5.571e-06,,,,,,,,,
mp-16577,0.0,0.0,0.0,0.0,0.0,0.0,0.0,0.0,0.0,0.0,0.0,0.0,0.0,,,,,,,,,
mp-16691,0.0,0.0,0.0,0.0,0.0,0.0,0.0,0.0,0.0,0.0,2.36e-06,0.0,5.855e-06,8.424e-06,1.073e-05,2.233e-05,1.892e-05,3.379e-05,3.44e-05,4.933e-05,5.53e-05,6.547e-05
mp-16792,0.0,0.0,0.0,0.0,0.0,0.0,0.0,0.0,0.0,0.0,0.0,0.0,0.0,0.0,0.0,0.0,0.0,0.0,0.0,0.0,0.0,0.0
mp-16804,0.0,0.0,0.0,0.0,0.0,0.0,0.0,0.0,0.0,0.0,0.0,0.0,0.0,0.0,0.0,0.0,,,,,,
mp-16872,0.0,0.0,0.0,0.0,0.0,0.0,0.0,0.0,0.0,0.0,0.0,0.0,0.0,0.0,0.0,0.0,2.365e-06,4.262e-06,7.26e-05,,,
mp-16947,0.0,0.0,0.0,0.0,0.0,0.0,0.0,0.0,0.0,0.0,0.0,0.0,0.0,0.0,9.653e-06,0.0,6.766e-06,1.07e-05,4.475e-05,,,
mp-16996,0.0,0.0,0.0,0.0,0.0,0.0,0.0,0.0,0.0,0.0,0.0,0.0,0.0,0.0,0.0,4.192e-06,3.178e-06,8.114e-06,5.301e-05,,,
mp-17056,0.0,0.0,0.0,0.0,0.0,0.0,0.0,0.0,0.0,0.0,0.0,0.0,3.371e-05,,,,,,,,,
mp-17208,0.0,0.0,0.0,0.0,0.0,0.0,0.0,0.0,0.0,0.0,0.0,0.0,3.829e-06,7.408e-06,1.723e-05,2.193e-05,3.077e-05,4.008e-05,5.188e-05,,,
mp-17240,0.0,0.0,0.0,0.0,0.0,0.0,0.0,0.0,0.0,0.0,0.0,0.0,0.0,0.0,0.0,0.0,,,,,,
mp-17288,0.0,0.0,0.0,0.0,0.0,0.0,0.0,0.0,0.0,0.0,0.0,0.0,0.0,0.0,0.0,4.201e-06,,,,,,
mp-17685,0.0,0.0,0.0,0.0,0.0,0.0,0.0,0.0,0.0,0.0,0.0,0.0,0.0,0.0,0.0,0.0,,,,,,
mp-17718,0.0,0.0,0.0,0.0,0.0,0.0,0.0,0.0,0.0,0.0,0.0,0.0,0.0,0.0,0.0,0.0,0.0,2.182e-06,8.67e-06,,,
mp-17774,0.0,0.0,0.0,0.0,0.0,0.0,0.0,0.0,0.0,0.0,0.0,0.0,0.0,0.0,0.0,0.0,0.0,0.0,0.0,,,
mp-17807,0.0,0.0,0.0,0.0,4.151e-06,9.846e-06,1.735e-05,0.0,3.916e-05,3.722e-05,4.596e-06,6.809e-05,7.321e-05,0.0,0.0001003,0.0001093,0.0001405,0.0,0.0,,,
mp-17854,0.0,0.0,0.0,0.0,0.0,0.0,0.0,0.0,0.0,0.0,0.0,0.0,0.0,0.0,0.0,0.0,3.033e-06,3.09e-06,0.0,0.0,1.131e-05,7.757e-05
mp-18037,0.0,0.0,0.0,0.0,0.0,0.0,0.0,0.0,0.0,0.0,0.0,0.0,2.792e-06,,,,,,,,,
mp-18048,0.0,0.0,0.0,0.0,0.0,0.0,0.0,0.0,0.0,0.0,0.0,1.789e-05,5.011e-05,,,,,,,,,
mp-18147,0.0,0.0,0.0,0.0,0.0,0.0,0.0,0.0,0.0,0.0,0.0,0.0,0.0,0.0,0.0,3.52e-06,5.379e-06,9.366e-06,1.18e-05,1.889e-05,3.457e-05,9.619e-05
mp-18194,0.0,0.0,0.0,0.0,0.0,0.0,0.0,0.0,0.0,0.0,0.0,0.0,0.0,0.0,9.226e-06,2.908e-05,5.141e-05,6.209e-05,9.468e-05,,,
mp-18220,0.0,0.0,0.0,0.0,0.0,0.0,0.0,0.0,0.0,0.0,0.0,0.0,0.0,0.0,0.0,0.0,0.0,1.988e-06,4.662e-06,7.961e-06,4.226e-06,1.044e-05
mp-18274,0.0,0.0,0.0,0.0,0.0,0.0,0.0,0.0,0.0,0.0,0.0,0.0,0.0,0.0,0.0,0.0,0.0,0.0,0.0,0.0,0.0,0.0
mp-18422,0.0,0.0,0.0,0.0,0.0,0.0,0.0,0.0,0.0,0.0,0.0,0.0,0.0,0.0,0.0,0.0,0.0,0.0,0.0,,,
mp-18495,0.0,0.0,0.0,0.0,0.0,0.0,0.0,0.0,0.0,0.0,0.0,0.0,0.0,1.068e-05,3.586e-05,3.69e-05,,,,,,
mp-18640,0.0,0.0,0.0,0.0,0.0,4.362e-06,7.124e-06,7.427e-06,2.051e-05,1.575e-05,4.3e-05,8.357e-05,0.0001003,0.0001052,0.0001427,0.0001635,0.0001778,0.0002557,0.0002674,0.0002978,0.0003157,0.0002932
mp-18711,0.0,0.0,0.0,0.0,0.0,0.0,0.0,0.0,0.0,0.0,0.0,0.0,0.0,3.066e-06,8.595e-06,2.949e-05,4.293e-05,5.47e-05,8.022e-05,,,
mp-1960,0.0,0.0,0.0,0.0,0.0,0.0,0.0,0.0,0.0,0.0,0.0,0.0,4.671e-06,1.757e-05,4.285e-05,6.344e-05,8.354e-05,9.802e-05,0.0001096,,,
mp-19896,0.0,0.0,0.0,0.0,0.0,3.723e-05,5.499e-05,,,,,,,,,,,,,,,
mp-19970,0.0,0.0,0.0,0.0,0.0,0.0,0.0,0.0,0.0,0.0,0.0,3.375e-06,6.428e-05,,,,,,,,,
mp-20187,0.0,0.0,0.0,4.272e-05,,,,,,,,,,,,,,,,,,
mp-20310,0.0,0.0,8.673e-07,4.619e-05,,,,,,,,,,,,,,,,,,
mp-2074,0.0,0.0,0.0,0.0,0.0,0.0,0.0,3.171e-06,1.471e-05,2.598e-05,,,,,,,,,,,,
mp-20782,0.0,,,,,,,,,,,,,,,,,,,,,
mp-21496,0.0,0.0,0.0,0.0,0.0,0.0,0.0,0.0,0.0,0.0,0.0,0.0,0.0,0.0,0.0,0.0,0.0,0.0,0.0,0.0,0.0,0.0
mp-22170,0.0,0.0,0.0,0.0,0.0,0.0,0.0,0.0,0.0,4.231e-05,4.96e-05,6.379e-05,6.6e-05,7.585e-05,8.608e-05,9.853e-05,,,,,,
mp-22450,0.0,0.0,0.0,0.0,0.0,0.0,0.0,0.0,0.0,0.0,0.0,0.0,0.0,0.0,0.0,0.0,0.0,0.0,0.0,0.0,0.0,0.0
mp-2251,0.0,0.0,0.0,3.957e-06,8.782e-06,1.358e-05,1.965e-05,2.505e-05,6.166e-05,8.06e-05,,,,,,,,,,,,
mp-22538,0.0,0.0,0.0,0.0,0.0,0.0,0.0,0.0,0.0,0.0,2.705e-06,1.419e-05,5.365e-05,,,,,,,,,
mp-22694,0.0,0.0,0.0,0.0,0.0,0.0,0.0,0.0,0.0,0.0,,,,,,,,,,,,
mp-2286,0.0,0.0,0.0,0.0,0.0,2.035e-06,3.239e-05,5.44e-05,7.464e-05,9.238e-05,,,,,,,,,,,,
mp-22899,0.0,0.0,0.0,0.0,0.0,0.0,0.0,0.0,2.424e-06,7.887e-06,,,,,,,,,,,,
mp-22905,0.0,0.0,0.0,0.0,0.0,0.0,0.0,0.0,0.0,0.0,0.0,0.0,0.0,2.282e-06,7.974e-06,7.626e-05,,,,,,
mp-22955,0.0,0.0,0.0,0.0,0.0,0.0,0.0,1.952e-06,6.131e-06,3.294e-05,,,,,,,,,,,,
mp-22961,0.0,0.0,0.0,0.0,0.0,3.024e-06,9.383e-06,,,,,,,,,,,,,,,
mp-22967,0.0,0.0,0.0,0.0,0.0,0.0,3.767e-06,7.533e-06,1.912e-05,3.862e-05,,,,,,,,,,,,
mp-22983,0.0,0.0,0.0,1.608e-05,,,,,,,,,,,,,,,,,,
mp-22994,0.0,0.0,0.0,0.0,0.0,0.0,1.452e-05,,,,,,,,,,,,,,,
mp-23057,0.0,0.0,0.0,0.0,0.0,5.804e-06,0.0,,,,,,,,,,,,,,,
mp-23122,0.0,0.0,0.0,0.0,0.0,0.0,0.0,0.0,2.741e-06,6.13e-06,1.017e-05,1.793e-05,2.966e-05,3.238e-05,3.996e-05,5.005e-05,6.352e-05,7.291e-05,8.454e-05,9.239e-05,9.628e-05,0.0001099
mp-23259,0.0,0.0,0.0,0.0,0.0,0.0,0.0,0.0,0.0,0.0,0.0,2.769e-06,8.736e-06,,,,,,,,,
mp-23364,0.0,0.0,0.0,0.0,0.0,0.0,0.0,0.0,0.0,0.0,,,,,,,,,,,,
mp-23384,0.0,0.0,0.0,0.0,0.0,0.0,0.0,,,,,,,,,,,,,,,
mp-23416,0.0,0.0,0.0,0.0,0.0,0.0,2.278e-05,,,,,,,,,,,,,,,
mp-2341,0.0,0.0,0.0,0.0,0.0,0.0,0.0,0.0,0.0,3.187e-06,6.452e-06,1.31e-05,2.563e-05,3.572e-05,5.218e-05,6.96e-05,,,,,,
mp-23421,0.0,0.0,0.0,0.0,0.0,0.0,0.0,0.0,0.0,0.0,0.0,0.0,2.444e-06,2.932e-06,5.811e-06,2.445e-05,,,,,,
mp-23497,0.0,0.0,0.0,9.347e-06,,,,,,,,,,,,,,,,,,
mp-23582,0.0,0.0,0.0,0.0,0.0,0.0,0.0,0.0,0.0,0.0,0.0,0.0,2.494e-06,4.057e-06,5.684e-06,1.225e-05,1.919e-05,9.056e-05,0.000101,,,
mp-23626,0.0,0.0,0.0,0.0,0.0,0.0,0.0,0.0,1.068e-05,4.603e-05,,,,,,,,,,,,
mp-23648,0.0,0.0,0.0,0.0,0.0,0.0,0.0,0.0,0.0,0.0,0.0,0.0,0.0,0.0,4.756e-06,9.549e-06,2.051e-05,1.947e-05,3.595e-05,5.934e-05,7.016e-05,0.0001528
mp-2412,0.0,,,,,,,,,,,,,,,,,,,,,
mp-2530,0.0,0.0,0.0,0.0,2.051e-05,5.183e-05,7.061e-05,9.375e-05,0.000116,0.0001368,,,,,,,,,,,,
mp-25929,0.0,0.0,0.0,2.419e-06,6.39e-06,1.98e-05,2.824e-05,,,,,,,,,,,,,,,
mp-26129,0.0,0.0,0.0,0.0,0.0,0.0,0.0,0.0,0.0,0.0,0.0,0.0,0.0,0.0,0.0,0.0,0.0,6.065e-06,2.921e-05,,,
mp-2659,0.0,0.0,0.0,0.0,0.0,0.0,0.0,0.0,0.0,0.0,2.879e-06,0.0001205,0.0001421,,,,,,,,,
mp-26701,0.0,0.0,5.008e-06,8.008e-06,0.0,1.89e-05,2.704e-05,,,,,,,,,,,,,,,
mp-26702,0.0,0.0,0.0,0.0,2.261e-06,1.583e-05,1.163e-05,3.408e-05,5.979e-05,6.758e-05,7.978e-05,0.0001044,0.0001301,0.0001252,0.0001548,0.0001698,0.0001836,0.0001965,0.0002062,0.0002367,0.0002596,0.0002675
mp-26725,0.0,0.0,0.0,0.0,0.0,0.0,0.0,0.0,0.0,0.0,,,,,,,,,,,,
mp-26855,0.0,0.0,0.0,0.0,0.0,0.0,0.0,0.0,0.0,0.0,0.0,2.461e-06,4.075e-06,1.689e-06,5.139e-05,5.695e-05,,,,,,
mp-26897,0.0,0.0,0.0,0.0,0.0,0.0,0.0,0.0,0.0,0.0,0.0,8.62e-06,4.168e-05,,,,,,,,,
mp-27017,0.0,0.0,0.0,0.0,0.0,0.0,0.0,,,,,,,,,,,,,,,
mp-27033,0.0,0.0,0.0,0.0,0.0,0.0,0.0,0.0,0.0,4.332e-06,,,,,,,,,,,,
mp-27094,0.0,0.0,0.0,0.0,7.288e-06,4.735e-06,3.061e-05,3.838e-05,4.642e-05,6.845e-05,7.371e-05,9.01e-05,0.0,0.0001266,0.0001388,0.0001757,0.0001881,0.0001866,0.0002109,,,
mp-27227,0.0,0.0,0.0,0.0,0.0,0.0,0.0,0.0,0.0,3.286e-05,,,,,,,,,,,,
mp-27231,0.0,0.0,0.0,0.0,0.0,0.0,0.0,1.35e-06,5.099e-06,4.762e-05,,,,,,,,,,,,
mp-27275,0.0,0.0,0.0,0.0,0.0,0.0,0.0,0.0,2.088e-06,1.106e-05,,,,,,,,,,,,
mp-27417,0.0,0.0,0.0,0.0,0.0,0.0,2.901e-06,5.425e-06,7.945e-06,1.05e-05,1.437e-05,2.051e-05,2.534e-05,3.484e-05,4.077e-05,5.261e-05,6.183e-05,7.126e-05,9.131e-05,,,
mp-27419,0.0,0.0,0.0,0.0,0.0,0.0,0.0,0.0,0.0,0.0,5.029e-06,0.0001068,0.0001383,,,,,,,,,
mp-27453,0.0,0.0,0.0,0.0,0.0,2.797e-06,6.391e-06,9.199e-06,1.394e-05,2.033e-05,2.806e-05,4.074e-05,5.196e-05,,,,,,,,,
mp-27483,0.0,0.0,0.0,0.0,0.0,0.0,0.0,0.0,0.0,7.829e-06,,,,,,,,,,,,
mp-27487,0.0,0.0,0.0,0.0,0.0,0.0,0.0,0.0,1.881e-06,3.668e-06,1.217e-05,2.062e-05,2.89e-05,3.874e-05,4.763e-05,5.445e-05,6.368e-05,7.914e-05,8.515e-05,9.683e-05,0.0001038,0.0001128
mp-27687,5.106e-06,,,,,,,,,,,,,,,,,,,,,
mp-27767,0.0,0.0,0.0,0.0,0.0,0.0,0.0,0.0,0.0,2.064e-06,2.919e-06,8.135e-06,1.934e-05,,,,,,,,,
mp-27811,0.0,0.0,0.0,0.0,0.0,0.0,0.0,,,,,,,,,,,,,,,
mp-27968,0.0,0.0,0.0,0.0,0.0,0.0,0.0,1.89e-06,4.701e-06,5.546e-06,1.322e-05,1.684e-05,2.548e-05,3.172e-05,4.373e-05,5.611e-05,,,,,,
mp-28146,0.0,0.0,0.0,0.0,0.0,0.0,0.0,0.0,0.0,0.0,0.0,0.0,0.0,0.0,0.0,0.0,0.0,0.0,0.0,0.0,0.0,0.0
mp-28237,0.0,0.0,0.0,0.0,0.0,0.0,4.253e-05,,,,,,,,,,,,,,,
mp-28243,0.0,0.0,0.0,0.0,0.0,0.0,0.0,0.0,3.638e-05,6.535e-05,,,,,,,,,,,,
mp-28253,0.0,0.0,0.0,0.0,0.0,0.0,9.522e-06,,,,,,,,,,,,,,,
mp-28316,0.0,0.0,0.0,0.0,,,,,,,,,,,,,,,,,,
mp-28326,0.0,0.0,0.0,1.44e-05,,,,,,,,,,,,,,,,,,
mp-28327,0.0,0.0,2.785e-06,4.259e-05,,,,,,,,,,,,,,,,,,
mp-28463,0.0,0.0,0.0,1.434e-05,9.56e-06,6.314e-05,6.107e-05,9.686e-05,0.0001417,0.0001313,,,,,,,,,,,,
mp-28471,0.0,0.0,1.74e-05,3.198e-05,,,,,,,,,,,,,,,,,,
mp-28545,0.0,0.0,0.0,0.0,0.0,0.0,0.0,,,,,,,,,,,,,,,
mp-28548,0.0,0.0,0.0,0.0,0.0,0.0,0.0,0.0,0.0,0.0,9.487e-06,1.948e-05,4.169e-05,5.714e-05,7.678e-05,9.212e-05,,,,,,
mp-28549,0.0,0.0,0.0,0.0,0.0,0.0,0.0,0.0,0.0,0.0,4.326e-06,3.114e-05,4.984e-05,6.212e-05,7.195e-05,8.681e-05,,,,,,
mp-28567,0.0,0.0,0.0,0.0,0.0,0.0,0.0,0.0,0.0,0.0,,,,,,,,,,,,
mp-28592,0.0,0.0,0.0,0.0,0.0,0.0,0.0,0.0,0.0,0.0,0.0,0.0,0.0,0.0,0.0,0.0,0.0,0.0,1.666e-06,2.652e-06,5.403e-05,1.125e-05
mp-28593,0.0,0.0,0.0,0.0,0.0,0.0,0.0,0.0,0.0,0.0,0.0,0.0,0.0,0.0,0.0,0.0,0.0,0.0,0.0,0.0,0.0,0.0
mp-28603,0.0,0.0,0.0,0.0,0.0,0.0,0.0,0.0,0.0,0.0,,,,,,,,,,,,
mp-2878,0.0,0.0,0.0,0.0,0.0,0.0,0.0,0.0,0.0,0.0,0.0,2.548e-06,3.186e-06,1.554e-05,2.574e-05,5.762e-05,,,,,,
mp-28828,0.0,0.0,0.0,0.0,0.0,0.0,0.0,0.0,0.0,5.216e-06,,,,,,,,,,,,
mp-28829,0.0,0.0,0.0,0.0,,,,,,,,,,,,,,,,,,
mp-28891,0.0,0.0,0.0,0.0,1.599e-06,3.18e-06,5.359e-06,7.72e-06,1.204e-05,1.707e-05,2.467e-05,3.275e-05,4.234e-05,,,,,,,,,
mp-28989,0.0,0.0,0.0,0.0,2.545e-06,4.817e-06,1.144e-05,1.922e-05,2.967e-05,4.083e-05,,,,,,,,,,,,
mp-28994,0.0,0.0,0.0,0.0,0.0,0.0,6.917e-06,,,,,,,,,,,,,,,
mp-29008,0.0,0.0,0.0,0.0,0.0,0.0,2.078e-06,4.563e-06,8.018e-06,1.385e-05,,,,,,,,,,,,
mp-29009,0.0,0.0,0.0,0.0,0.0,0.0,5.951e-06,1.147e-05,2.07e-05,3.372e-05,,,,,,,,,,,,
mp-29025,0.0,0.0,0.0,0.0,0.0,7.301e-06,1.302e-05,,,,,,,,,,,,,,,
mp-29149,0.0,0.0,0.0,0.0,0.0,0.0,2.659e-06,,,,,,,,,,,,,,,
mp-29151,0.0,0.0,0.0,0.0,0.0,0.0,1.036e-05,,,,,,,,,,,,,,,
mp-2931,0.0,0.0,0.0,0.0,0.0,0.0,0.0,0.0,0.0,0.0,0.0,0.0,0.0,0.0,0.0,0.0,0.0,0.0,0.0,0.0,0.0,0.0
mp-29344,0.0,0.0,0.0,2.673e-06,,,,,,,,,,,,,,,,,,
mp-29345,0.0,0.0,2.269e-05,5.275e-05,,,,,,,,,,,,,,,,,,
mp-29364,0.0,0.0,0.0,0.0,0.0,0.0,0.0,0.0,0.0,0.0,0.0,0.0,0.0,0.0,0.0,0.0,2.744e-06,1.037e-05,0.00011,,,
mp-29365,0.0,0.0,0.0,0.0,0.0,0.0,0.0,0.0,0.0,0.0,0.0,0.0,3.664e-06,,,,,,,,,
mp-29410,0.0,0.0,2.366e-06,4.515e-05,,,,,,,,,,,,,,,,,,
mp-29463,0.0,0.0,0.0,0.0,0.0,0.0,0.0,0.0,0.0,0.0,0.0,0.0,0.0,0.0,4.99e-06,4.279e-05,,,,,,
mp-29473,0.0,0.0,2.021e-06,9.187e-06,,,,,,,,,,,,,,,,,,
mp-29582,0.0,0.0,0.0,0.0,0.0,4.29e-06,8.383e-06,,,,,,,,,,,,,,,
mp-29829,0.0,0.0,0.0,1.395e-05,,,,,,,,,,,,,,,,,,
mp-29892,0.0,0.0,0.0,0.0,0.0,0.0,0.0,0.0,0.0,0.0,0.0,0.0,0.0,0.0,0.0,0.0,0.0,0.0,0.0,0.0,0.0,0.0
mp-30100,0.0,0.0,3.404e-06,1.717e-05,,,,,,,,,,,,,,,,,,
mp-30129,0.0,0.0,0.0,0.0,0.0,0.0,0.0,0.0,0.0,0.0,0.0,0.0,0.0,3.436e-06,7.948e-06,1.318e-05,2.057e-05,2.952e-05,4.651e-05,6.696e-05,0.0001586,0.0001206
mp-30156,0.0,0.0,0.0,0.0,0.0,0.0,0.0,0.0,0.0,0.0,0.0,2.535e-06,7.081e-06,8.394e-06,2.155e-05,2.903e-05,,,,,,
mp-30249,0.0,2.169e-06,8.839e-06,2.126e-05,4.103e-05,0.0,9.361e-05,,,,,,,,,,,,,,,
mp-30301,0.0,0.0,0.0,0.0,0.0,0.0,1.135e-05,,,,,,,,,,,,,,,
mp-30456,0.0,0.0,0.0,0.0,0.0,0.0,0.0,0.0,0.0,5.003e-06,2.225e-06,5.651e-05,8.073e-05,,,,,,,,,
mp-3054,0.0,0.0,0.0,0.0,0.0,0.0,1.062e-06,2.234e-06,1.013e-05,2.409e-05,,,,,,,,,,,,
mp-31468,0.0,0.0,0.0,0.0,0.0,0.0,0.0,0.0,0.0,0.0,0.0,0.0,5.59e-06,5.717e-06,8.865e-06,8.398e-05,,,,,,
mp-31488,0.0,0.0,0.0,0.0,0.0,0.0,0.0,0.0,0.0,0.0,0.0,0.0,0.0,0.0,0.0,0.0,0.0,0.0,0.0,0.0,0.0,0.0
mp-3151,0.0,0.0,0.0,0.0,0.0,0.0,0.0,0.0,0.0,0.0,0.0,0.0,0.0,0.0,0.0,0.0,0.0,0.0,0.0,0.0,0.0,0.0
mp-3216,0.0,0.0,0.0,0.0,0.0,0.0,0.0,0.0,0.0,0.0,1.836e-06,6.832e-06,9.36e-06,2.026e-05,3.177e-05,4.182e-05,5.168e-05,6.009e-05,7.018e-05,7.902e-05,8.95e-05,0.0001022
mp-3297,0.0,0.0,0.0,0.0,0.0,0.0,0.0,0.0,0.0,0.0,0.0,1.72e-05,3.008e-05,,,,,,,,,
mp-33322,0.0,0.0,0.0,0.0,0.0,0.0,0.0,0.0,0.0,0.0,0.0,3.072e-06,0.0,4.655e-06,3.687e-06,4.486e-06,6.32e-06,1.277e-05,5.202e-05,,,
mp-33363,0.0,0.0,0.0,0.0,0.0,0.0,0.0,0.0,0.0,0.0,0.0,0.0,0.0,0.0,0.0,0.0,6.531e-06,3.633e-06,1.552e-05,,,
mp-33526,0.0,0.0,0.0,0.0,0.0,0.0,1.63e-05,,,,,,,,,,,,,,,
mp-33667,0.0,0.0,0.0,0.0,0.0,0.0,0.0,0.0,0.0,0.0,0.0,0.0,0.0,3.69e-06,1.174e-06,2.255e-06,7.148e-06,3.672e-06,1.547e-05,,,
mp-3368,0.0,0.0,0.0,0.0,0.0,0.0,0.0,0.0,0.0,0.0,0.0,0.0,0.0,0.0,0.0,0.0,0.0,0.0,0.0,0.0,0.0,0.0
mp-34038,0.0,0.0,0.0,0.0,5.746e-06,4.622e-06,1.241e-05,2.099e-05,3.137e-05,4.92e-05,,,,,,,,,,,,
mp-3427,0.0,0.0,0.0,0.0,0.0,0.0,0.0,0.0,0.0,0.0,0.0,0.0,0.0,0.0,0.0,0.0,0.0,0.0,3.134e-06,5.56e-06,4.519e-06,1.235e-05
mp-34326,0.0,0.0,0.0,0.0,0.0,5.076e-06,5.098e-05,,,,,,,,,,,,,,,
mp-34477,0.0,0.0,0.0,0.0,0.0,0.0,0.0,0.0,0.0,0.0,0.0,1.121e-06,0.0,7.786e-07,4.634e-06,7.423e-06,1.312e-05,5.895e-05,0.0001034,,,
mp-3503,0.0,0.0,0.0,0.0,0.0,0.0,0.0,0.0,0.0,0.0,0.0,4.885e-06,8.633e-06,1.641e-05,2.557e-05,5.133e-05,6.208e-05,8.206e-05,0.0001157,0.0001256,0.0002043,0.0001946
mp-35205,0.0,0.0,0.0,0.0,0.0,0.0,0.0,0.0,0.0,0.0,0.0,0.0,0.0,0.0,0.0,5.201e-06,1.607e-06,9.955e-06,1.709e-05,,,
mp-3524,0.0,0.0,0.0,0.0,0.0,0.0,0.0,0.0,0.0,0.0,0.0,0.0,0.0,0.0,0.0,0.0,0.0,0.0,0.0,2.574e-06,4.358e-06,3.653e-06
mp-35388,0.0,0.0,0.0,0.0,0.0,0.0,0.0,0.0,0.0,0.0,0.0,0.0,7.07e-06,4.735e-06,3.776e-06,8.049e-05,,,,,,
mp-3540,0.0,0.0,0.0,0.0,0.0,0.0,0.0,0.0,0.0,0.0,0.0,0.0,0.0,0.0,0.0,0.0,2.169e-06,3.738e-06,8.088e-06,9.371e-06,1.254e-05,2.129e-05
mp-3552,0.0,0.0,0.0,0.0,0.0,0.0,0.0,0.0,0.0,0.0,0.0,0.0,0.0,2.547e-06,4.366e-06,6.992e-06,1.992e-05,2.98e-05,4.891e-05,5.218e-05,6.955e-05,0.0001347
mp-35591,0.0,0.0,0.0,0.0,0.0,0.0,0.0,0.0,0.0,0.0,0.0,0.0,0.0,0.0,0.0,0.0,2.627e-06,6.155e-06,1.171e-05,1.631e-05,1.145e-05,4.771e-05
mp-35717,0.0,0.0,0.0,0.0,0.0,0.0,0.0,0.0,0.0,0.0,0.0,0.0,0.0,0.0,2.852e-06,6.542e-06,7.851e-06,1.11e-05,4.508e-05,,,
mp-36111,0.0,0.0,0.0,0.0,0.0,0.0,0.0,0.0,0.0,4.632e-05,,,,,,,,,,,,
mp-3635,0.0,0.0,0.0,0.0,0.0,0.0,0.0,0.0,0.0,0.0,0.0,0.0,3.033e-06,8.398e-06,8.095e-05,0.0001019,,,,,,
mp-3647,0.0,0.0,0.0,0.0,3.342e-06,2.032e-05,5.929e-05,,,,,,,,,,,,,,,
mp-3660,0.0,0.0,0.0,0.0,0.0,0.0,0.0,0.0,0.0,0.0,0.0,7.979e-06,3.443e-06,2.192e-05,2.108e-05,1.321e-05,3.474e-05,4.631e-05,9.452e-05,,,
mp-3666,0.0,0.0,0.0,0.0,0.0,0.0,0.0,0.0,0.0,0.0,0.0,0.0,0.0,0.0,0.0,0.0,0.0,0.0,0.0,0.0,0.0,0.0
mp-36791,0.0,0.0,0.0,0.0,0.0,0.0,0.0,0.0,0.0,0.0,0.0,3.589e-06,1.277e-06,5.925e-06,7.699e-06,7.862e-05,,,,,,
mp-36864,0.0,0.0,0.0,0.0,0.0,0.0,0.0,0.0,0.0,0.0,0.0,0.0,0.0,0.0,0.0,0.0,0.0,0.0,0.0,0.0,0.0,0.0
mp-3700,0.0,0.0,0.0,0.0,0.0,0.0,0.0,0.0,0.0,0.0,0.0,0.0,0.0,,,,,,,,,
mp-3731,0.0,0.0,0.0,0.0,0.0,0.0,0.0,0.0,0.0,0.0,0.0,0.0,0.0,0.0,0.0,0.0,0.0,0.0,0.0,0.0,0.0,0.0
mp-37399,0.0,0.0,0.0,0.0,0.0,0.0,7.828e-06,7.686e-06,1.15e-05,1.959e-05,,,,,,,,,,,,
mp-37498,0.0,0.0,0.0,0.0,3.791e-06,1.314e-05,2.173e-05,,,,,,,,,,,,,,,
mp-37605,0.0,0.0,0.0,0.0,0.0,0.0,0.0,0.0,0.0,0.0,3.585e-06,0.0,8.386e-06,,,,,,,,,
mp-37873,0.0,0.0,0.0,0.0,4.902e-06,1.134e-05,2.042e-05,2.93e-05,4.649e-05,9.817e-05,,,,,,,,,,,,
mp-37879,0.0,0.0,0.0,0.0,0.0,0.0,0.0,0.0,0.0,0.0,0.0,0.0,0.0,0.0,3.851e-06,6.029e-06,1.117e-05,8.05e-05,5.923e-05,,,
mp-37906,0.0,0.0,0.0,0.0,0.0,0.0,0.0,0.0,0.0,0.0,0.0,0.0,0.0,2.928e-06,9.791e-06,2.202e-05,,,,,,
mp-38008,0.0,0.0,0.0,2.616e-06,3.83e-06,1.166e-05,1.904e-05,,,,,,,,,,,,,,,
mp-3838,0.0,0.0,0.0,0.0,0.0,1.169e-05,2.62e-05,3.741e-05,5.677e-05,7.22e-05,8.563e-05,0.0001046,0.0001228,,,,,,,,,
mp-38684,0.0,0.0,0.0,0.0,0.0,1.786e-06,5.702e-06,9.058e-06,2.094e-05,2.755e-05,,,,,,,,,,,,
mp-38695,0.0,0.0,0.0,0.0,0.0,0.0,0.0,0.0,0.0,0.0,0.0,0.0,9.286e-07,8.965e-06,2.273e-06,1.058e-05,,,,,,
mp-3887,0.0,0.0,0.0,0.0,0.0,0.0,0.0,0.0,0.0,0.0,0.0,0.0,3.466e-06,9.158e-06,1.443e-05,2.835e-05,3.497e-05,6.162e-05,6.778e-05,,,
mp-3924,0.0,0.0,0.0,0.0,0.0,0.0,0.0,0.0,0.0,0.0,0.0,0.0,0.0,0.0,0.0,0.0,0.0,0.0,0.0,0.0,0.0,0.0
mp-39387,0.0,0.0,0.0,0.0,0.0,0.0,0.0,0.0,0.0,0.0,0.0,0.0,0.0,0.0,0.0,0.0,0.0,1.905e-06,2.876e-06,3.793e-06,2.966e-06,5.186e-06
mp-3941,0.0,0.0,0.0,0.0,0.0,0.0,0.0,0.0,0.0,0.0,0.0,0.0,0.0,0.0,7.006e-06,4.454e-05,,,,,,
mp-3949,0.0,0.0,0.0,0.0,,,,,,,,,,,,,,,,,,
mp-39511,0.0,0.0,0.0,0.0,0.0,0.0,0.0,0.0,0.0,0.0,0.0,8.282e-07,0.0,3.56e-06,5.867e-06,5.086e-06,4.803e-06,9.139e-06,7.446e-06,1.128e-05,1.606e-05,1.448e-05
mp-3980,0.0,0.0,0.0,0.0,0.0,0.0,0.0,0.0,0.0,0.0,,,,,,,,,,,,
mp-4002,0.0,0.0,0.0,0.0,0.0,0.0,0.0,0.0,0.0,0.0,0.0,0.0,1.11e-05,,,,,,,,,
mp-40189,0.0,0.0,0.0,0.0,0.0,0.0,0.0,0.0,0.0,0.0,0.0,0.0,0.0,0.0,0.0,0.0,0.0,0.0,0.0,0.0,0.0,0.0
mp-40286,0.0,0.0,0.0,0.0,0.0,0.0,0.0,0.0,0.0,0.0,2.408e-06,6.144e-06,0.0,0.0,8.072e-06,0.0,0.0,5.6e-06,1.116e-05,1.541e-05,8.559e-06,1.277e-05
mp-4117,0.0,0.0,0.0,0.0,0.0,0.0,0.0,0.0,0.0,0.0,0.0,0.0,2.508e-06,7.963e-06,1.179e-05,2.545e-05,4.373e-05,7.035e-05,0.0001087,0.0001126,0.0001481,0.0001572
mp-41219,0.0,0.0,0.0,0.0,0.0,0.0,0.0,0.0,0.0,0.0,0.0,0.0,0.0,0.0,0.0,0.0,0.0,0.0,0.0,0.0,0.0,0.0
mp-4156,0.0,0.0,0.0,0.0,0.0,0.0,0.0,0.0,0.0,0.0,0.0,0.0,0.0,0.0,0.0,0.0,0.0,0.0,0.0,0.0,0.0,0.0
mp-4226,0.0,0.0,0.0,0.0,0.0,0.0,0.0,0.0,0.0,0.0,0.0,0.0,0.0,0.0,0.0,2.078e-06,2.329e-06,5.946e-05,9.909e-05,,,
mp-43030,0.0,0.0,0.0,0.0,0.0,0.0,0.0,0.0,0.0,0.0,0.0,0.0,2.347e-06,,,,,,,,,
mp-4426,0.0,0.0,0.0,0.0,0.0,0.0,0.0,0.0,0.0,0.0,0.0,0.0,3.183e-06,,,,,,,,,
mp-4495,0.0,0.0,0.0,0.0,0.0,0.0,0.0,0.0,2.386e-05,7.664e-05,,,,,,,,,,,,
mp-4527,0.0,0.0,0.0,0.0,0.0,0.0,0.0,0.0,0.0,0.0,0.0,0.0,4.047e-06,1.795e-05,6.032e-05,8.57e-05,,,,,,
mp-4558,0.0,0.0,0.0,0.0,0.0,0.0,0.0,0.0,0.0,0.0,0.0,5.241e-06,2.008e-05,3.845e-05,4.745e-05,6.409e-05,7.959e-05,8.953e-05,0.0001028,,,
mp-4586,0.0,2.189e-05,4.08e-05,5.756e-05,,,,,,,,,,,,,,,,,,
mp-4604,0.0,0.0,0.0,0.0,0.0,0.0,0.0,0.0,3.857e-06,2.051e-05,3.764e-05,5.888e-05,6.995e-05,8.942e-05,0.0001048,0.0001185,0.0001344,0.0001498,0.0001659,,,
mp-4622,0.0,0.0,0.0,0.0,0.0,0.0,0.0,,,,,,,,,,,,,,,
mp-4657,0.0,0.0,0.0,0.0,0.0,0.0,0.0,0.0,0.0,0.0,2.415e-06,8.582e-06,1.864e-05,3.286e-05,5.486e-05,6.703e-05,7.967e-05,9.796e-05,0.0001097,,,
mp-4779,0.0,0.0,0.0,0.0,0.0,0.0,0.0,0.0,0.0,0.0,0.0,0.0,0.0,0.0,1.729e-06,1.495e-05,,,,,,
mp-4825,0.0,0.0,0.0,0.0,0.0,0.0,0.0,2.102e-06,1.367e-05,2.917e-05,4.596e-05,6.346e-05,7.86e-05,9.522e-05,0.0001125,0.0001218,,,,,,
mp-4855,0.0,0.0,0.0,0.0,0.0,0.0,2.215e-05,,,,,,,,,,,,,,,
mp-4995,0.0,0.0,0.0,0.0,0.0,0.0,0.0,0.0,0.0,0.0,0.0,0.0,0.0,0.0,0.0,6.406e-06,4.27e-06,7.467e-06,1.017e-05,8.07e-06,1.94e-05,3.412e-05
mp-5001,0.0,0.0,0.0,0.0,0.0,0.0,0.0,0.0,0.0,0.0,3.596e-06,6.813e-06,2.421e-05,,,,,,,,,
mp-5012,0.0,0.0,0.0,0.0,0.0,0.0,0.0,0.0,0.0,0.0,0.0,0.0,0.0,0.0,0.0,0.0,2.752e-06,7.026e-06,7.508e-06,1.559e-05,2.465e-05,3.616e-05
mp-504353,0.0,0.0,0.0,0.0,0.0,0.0,0.0,0.0,0.0,2.182e-06,1.112e-05,1.552e-05,4.191e-05,,,,,,,,,
mp-504354,0.0,0.0,0.0,0.0,0.0,0.0,0.0,0.0,0.0,0.0,9.213e-06,8.613e-06,1.955e-05,3.581e-05,7.662e-05,8.342e-05,,,,,,
mp-504806,0.0,0.0,0.0,0.0,0.0,0.0,0.0,0.0,0.0,0.0,2.681e-06,7.318e-06,1.321e-05,,,,,,,,,
mp-504810,0.0,0.0,0.0,0.0,0.0,0.0,0.0,0.0,0.0,0.0,0.0,1.82e-06,6.177e-06,1.162e-05,2.124e-05,2.872e-05,4.188e-05,5.448e-05,0.0001037,,,
mp-5048,3.484e-06,1.451e-05,5.339e-05,7.963e-05,,,,,,,,,,,,,,,,,,
mp-504948,0.0,0.0,0.0,0.0,0.0,0.0,0.0,0.0,0.0,0.0,0.0,0.0,0.0,0.0,0.0,0.0,0.0,1.12e-05,1.331e-05,1.564e-05,1.185e-05,1.653e-05
mp-505089,0.0,0.0,0.0,0.0,0.0,0.0,1.359e-05,,,,,,,,,,,,,,,
mp-505431,0.0,0.0,0.0,0.0,0.0,0.0,0.0,0.0,0.0,7.084e-05,,,,,,,,,,,,
mp-5061,0.0,0.0,0.0,0.0,0.0,0.0,0.0,0.0,0.0,0.0,0.0,0.0,0.0,0.0,0.0,0.0,0.0,0.0,0.0,1.863e-06,0.0,2.323e-06
mp-5077,0.0,0.0,0.0,0.0,0.0,0.0,0.0,0.0,0.0,7.131e-05,,,,,,,,,,,,
mp-5127,0.0,0.0,0.0,0.0,0.0,0.0,0.0,0.0,0.0,0.0,,,,,,,,,,,,
mp-530262,0.0,0.0,0.0,0.0,0.0,0.0,2.526e-06,8.208e-06,1.562e-05,3.468e-05,5.81e-05,7.218e-05,9.125e-05,,,,,,,,,
mp-530399,0.0,0.0,0.0,0.0,0.0,0.0,0.0,0.0,0.0,0.0,0.0,0.0,0.0,0.0,0.0,0.0,0.0,0.0,0.0,0.0,0.0,0.0
mp-531523,0.0,0.0,0.0,0.0,0.0,0.0,0.0,0.0,0.0,0.0,0.0,0.0,0.0,0.0,0.0,0.0,0.0,0.0,0.0,0.0,0.0,0.0
mp-531820,0.0,0.0,0.0,0.0,0.0,0.0,0.0,0.0,0.0,0.0,2.336e-06,5.882e-06,1.327e-05,2.777e-05,3.465e-05,3.329e-05,,,,,,
mp-531826,0.0,0.0,0.0,0.0,0.0,0.0,0.0,0.0,0.0,0.0,0.0,0.0,0.0,0.0,0.0,0.0,0.0,4.892e-06,3.472e-06,,,
mp-532443,0.0,0.0,0.0,0.0,0.0,2.082e-06,5.416e-06,1.066e-05,1.777e-05,2.538e-05,3.517e-05,5.368e-05,0.0001083,,,,,,,,,
mp-5368,0.0,0.0,0.0,0.0,0.0,0.0,0.0,0.0,0.0,1.774e-06,4.385e-06,9.386e-06,1.222e-05,4.178e-05,3.718e-05,6.394e-05,6.384e-05,8.881e-05,0.0001038,,,
mp-540945,0.0,0.0,0.0,0.0,0.0,0.0,0.0,0.0,0.0,0.0,0.0,0.0,0.0,,,,,,,,,
mp-541001,0.0,1.289e-06,2.605e-05,6.235e-05,,,,,,,,,,,,,,,,,,
mp-541272,0.0,0.0,0.0,0.0,0.0,0.0,0.0,0.0,4.83e-06,1.247e-05,1.381e-05,3.089e-05,3.928e-05,6.886e-05,9.258e-05,0.0001105,0.0001109,0.0001633,0.0001972,0.000183,0.0002195,0.0002325
mp-541568,0.0,0.0,0.0,0.0,0.0,0.0,0.0,0.0,0.0,0.0,0.0,0.0,0.0,0.0,3.855e-06,0.0,1.105e-05,4.323e-05,1.637e-05,,,
mp-541569,0.0,0.0,0.0,0.0,0.0,0.0,0.0,0.0,0.0,0.0,0.0,0.0,0.0,0.0,0.0,0.0,4.671e-06,5.194e-06,1.32e-05,,,
mp-541661,0.0,0.0,0.0,0.0,0.0,3.332e-06,2.502e-06,5.42e-06,3.675e-05,6.034e-05,8.593e-05,0.0001161,0.0001024,0.0001547,0.0001607,0.0,0.000279,0.0002303,0.0002802,,,
mp-5418,0.0,0.0,0.0,0.0,0.0,0.0,0.0,0.0,0.0,0.0,0.0,0.0,0.0,0.0,0.0,0.0,0.0,3.256e-06,8.238e-06,1.945e-05,8.934e-05,0.0001148
mp-542219,0.0,0.0,0.0,0.0,0.0,0.0,0.0,0.0,0.0,0.0,0.0,0.0,3.48e-06,,,,,,,,,
mp-542435,0.0,0.0,0.0,0.0,0.0,0.0,0.0,0.0,0.0,0.0,0.0,1.552e-06,4.544e-06,8.928e-06,1.7e-05,2.506e-05,3.216e-05,4.407e-05,7.79e-05,,,
mp-542874,0.0,0.0,0.0,0.0,0.0,0.0,0.0,0.0,0.0,0.0,0.0,0.0,0.0,0.0,0.0,0.0,0.0,0.0,0.0,0.0,0.0,0.0
mp-545346,0.0,0.0,0.0,0.0,0.0,0.0,0.0,0.0,0.0,0.0,0.0,0.0,0.0,0.0,0.0,0.0,7.566e-06,0.0,3.207e-06,6.748e-06,0.0001212,0.0001217
mp-547017,0.0,0.0,0.0,0.0,0.0,0.0,0.0,0.0,0.0,0.0,0.0,0.0,0.0,0.0,0.0,0.0,0.0,0.0,0.0,6.538e-06,1.241e-05,2.165e-05
mp-5488,0.0,0.0,0.0,0.0,0.0,0.0,0.0,0.0,0.0,0.0,0.0,0.0,0.0,0.0,0.0,0.0,0.0,0.0,0.0,0.0,0.0,0.0
mp-551092,0.0,0.0,0.0,0.0,0.0,0.0,0.0,0.0,0.0,0.0,0.0,0.0,0.0,0.0,0.0,0.0,,,,,,
mp-552588,0.0,0.0,0.0,0.0,0.0,0.0,0.0,0.0,0.0,0.0,0.0,0.0,0.0,0.0,0.0,0.0,0.0,0.0,2.632e-06,3.368e-06,0.0,5.967e-06
mp-552663,0.0,0.0,0.0,0.0,0.0,0.0,0.0,0.0,0.0,0.0,0.0,0.0,3.622e-06,2.508e-06,2.65e-06,1.198e-05,1.025e-05,5.545e-06,2.369e-05,,,
mp-553926,0.0,0.0,0.0,0.0,0.0,0.0,0.0,0.0,0.0,0.0,0.0,0.0,0.0,0.0,0.0,0.0,,,,,,
mp-553950,0.0,0.0,0.0,0.0,0.0,0.0,0.0,1.788e-06,2.782e-06,4.306e-06,9.168e-06,1.654e-05,2.208e-05,,,,,,,,,
mp-553988,0.0,0.0,0.0,0.0,0.0,0.0,0.0,0.0,0.0,0.0,0.0,0.0,2.758e-05,,,,,,,,,
mp-554003,0.0,0.0,0.0,0.0,0.0,0.0,0.0,0.0,0.0,0.0,0.0,0.0,0.0,0.0,0.0,0.0,0.0,0.0,0.0,0.0,0.0,0.0
mp-554076,0.0,0.0,0.0,0.0,0.0,0.0,0.0,3.743e-06,1.951e-06,4.135e-05,,,,,,,,,,,,
mp-554159,0.0,0.0,0.0,0.0,0.0,0.0,0.0,0.0,0.0,0.0,0.0,0.0,0.0,0.0,0.0,0.0,0.0,2.356e-06,4.618e-06,7.174e-06,8.718e-06,2.066e-05
mp-554203,0.0,0.0,0.0,0.0,0.0,0.0,0.0,0.0,0.0,0.0,0.0,0.0,0.0,5.871e-06,3.058e-06,8.192e-06,1.253e-05,6.344e-05,0.0001348,,,
mp-554395,0.0,0.0,0.0,0.0,0.0,4.796e-06,7.954e-06,,,,,,,,,,,,,,,
mp-554442,0.0,0.0,0.0,0.0,0.0,0.0,0.0,0.0,2.107e-06,6.596e-05,,,,,,,,,,,,
mp-554540,0.0,0.0,0.0,0.0,0.0,0.0,0.0,0.0,0.0,0.0,0.0,0.0,0.0,0.0,0.0,0.0,0.0,0.0,0.0,0.0,0.0,0.0
mp-554560,0.0,0.0,0.0,0.0,0.0,0.0,0.0,0.0,0.0,0.0,0.0,2.088e-06,4.419e-06,5.548e-06,1.235e-05,1.36e-05,8.447e-05,8.913e-05,9.404e-05,9.877e-05,0.0002034,0.0002081
mp-554577,0.0,0.0,0.0,0.0,0.0,0.0,4.316e-06,6.391e-06,2.015e-05,3.106e-05,,,,,,,,,,,,
mp-554733,0.0,0.0,0.0,0.0,0.0,0.0,0.0,0.0,0.0,0.0,0.0,0.0,0.0,2.222e-06,2.433e-06,1.03e-05,1.04e-05,4.151e-05,5.541e-05,,,
mp-554752,0.0,0.0,0.0,0.0,3.389e-06,0.0,0.0,4.162e-06,0.0,0.0,0.0,0.0,0.0,1.839e-06,3.578e-06,5.837e-06,9.952e-06,1.686e-05,2.542e-05,,,
mp-554782,0.0,0.0,0.0,1.023e-05,,,,,,,,,,,,,,,,,,
mp-555002,0.0,0.0,0.0,0.0,0.0,0.0,0.0,0.0,0.0,0.0,0.0,0.0,0.0,0.0,0.0,0.0,0.0,4.791e-05,7.124e-05,,,
mp-555065,0.0,0.0,0.0,0.0,0.0,0.0,0.0,0.0,0.0,0.0,0.0,0.0,0.0,8.544e-06,1.988e-05,2.518e-05,2.846e-05,6.026e-05,7.46e-05,0.0001009,9.456e-05,0.0001586
mp-555082,0.0,0.0,0.0,0.0,0.0,0.0,0.0,0.0,2.753e-06,1.253e-05,,,,,,,,,,,,
mp-555089,0.0,0.0,0.0,0.0,0.0,0.0,0.0,0.0,0.0,0.0,0.0,0.0,0.0,0.0,0.0,0.0,0.0,0.0,0.0,,,
mp-555140,0.0,0.0,0.0,0.0,0.0,0.0,0.0,0.0,0.0,0.0,0.0,0.0,0.0,0.0,0.0,0.0,0.0,0.0,0.0,7.532e-06,5.032e-06,9.997e-06
mp-555186,0.0,0.0,0.0,0.0,0.0,1.855e-05,8.877e-05,,,,,,,,,,,,,,,
mp-555366,0.0,0.0,0.0,0.0,0.0,0.0,0.0,0.0,0.0,0.0,0.0,0.0,0.0,1.485e-05,2.357e-05,2.667e-05,4.321e-05,6.077e-05,6.686e-05,,,
mp-555420,0.0,0.0,0.0,0.0,0.0,0.0,0.0,0.0,0.0,0.0,0.0,0.0,0.0,0.0,0.0,0.0,1.267e-06,0.0,7.188e-06,0.0,1.894e-05,1.448e-05
mp-555591,0.0,0.0,0.0,0.0,0.0,0.0,0.0,0.0,0.0,0.0,,,,,,,,,,,,
mp-555743,0.0,0.0,0.0,0.0,0.0,0.0,0.0,0.0,0.0,0.0,,,,,,,,,,,,
mp-555845,0.0,0.0,0.0,0.0,0.0,0.0,0.0,0.0,0.0,0.0,0.0,0.0,0.0,,,,,,,,,
mp-555874,0.0,0.0,0.0,0.0,,,,,,,,,,,,,,,,,,
mp-555899,0.0,0.0,0.0,0.0,0.0,0.0,0.0,0.0,0.0,0.0,0.0,0.0,0.0,2.748e-06,6.198e-06,1.143e-05,2.254e-05,4.609e-05,5.819e-05,7.098e-05,9.951e-05,0.0001135
mp-556020,0.0,0.0,0.0,0.0,0.0,0.0,0.0,0.0,2.115e-06,1.468e-06,3.676e-06,5.79e-06,1.281e-05,1.909e-05,2.293e-05,2.96e-05,3.545e-05,7.201e-05,5.92e-05,,,
mp-556066,0.0,0.0,0.0,0.0,0.0,0.0,0.0,0.0,0.0,0.0,0.0,0.0,0.0,0.0,0.0,0.0,0.0,0.0,0.0,0.0,0.0,0.0
mp-556156,0.0,0.0,0.0,0.0,0.0,0.0,0.0,0.0,0.0,0.0,0.0,1.89e-05,2.231e-05,2.088e-05,2.74e-05,3.436e-05,,,,,,
mp-556237,0.0,0.0,0.0,0.0,0.0,0.0,0.0,0.0,0.0,0.0,0.0,1.105e-06,5.051e-06,,,,,,,,,
mp-556301,0.0,0.0,0.0,0.0,0.0,4.204e-06,5.959e-06,8.215e-06,1.165e-05,1.513e-05,1.945e-05,2.808e-05,3.531e-05,3.993e-05,5.117e-05,5.558e-05,,,,,,
mp-556472,0.0,0.0,0.0,0.0,0.0,0.0,0.0,0.0,0.0,0.0,0.0,0.0,0.0,0.0,0.0,3.676e-05,,,,,,
mp-556544,0.0,0.0,0.0,0.0,0.0,0.0,0.0,0.0,0.0,0.0,0.0,2.756e-06,5.432e-06,3.466e-06,8.165e-06,1.767e-05,4.491e-05,5.971e-05,6.958e-05,7.2e-05,8.126e-05,0.0001277
mp-556649,0.0,0.0,0.0,0.0,0.0,0.0,0.0,0.0,0.0,0.0,0.0,0.0,0.0,9.033e-06,9.293e-06,1.366e-05,3.365e-05,8.042e-05,8.238e-05,,,
mp-556799,0.0,0.0,0.0,0.0,0.0,0.0,0.0,0.0,0.0,0.0,0.0,0.0,2.519e-06,5.657e-06,7.809e-06,1.221e-05,,,,,,
mp-556814,0.0,0.0,0.0,0.0,0.0,0.0,0.0,0.0,0.0,0.0,0.0,0.0,0.0,0.0,0.0,0.0,0.0,0.0,0.0,0.0,0.0,0.0
mp-556861,0.0,0.0,0.0,0.0,0.0,0.0,0.0,0.0,0.0,0.0,0.0,0.0,0.0,8.38e-06,1.025e-05,2.684e-05,4.145e-05,6.717e-05,7.303e-05,,,
mp-556886,0.0,0.0,0.0,0.0,0.0,0.0,0.0,0.0,0.0,0.0,0.0,0.0,0.0,0.0,3.683e-06,9.386e-06,1.722e-05,2.37e-05,4.043e-05,,,
mp-556906,0.0,0.0,0.0,0.0,0.0,0.0,0.0,0.0,0.0,0.0,0.0,0.0,0.0,0.0,3.886e-05,6.365e-05,,,,,,
mp-556996,0.0,0.0,0.0,0.0,0.0,0.0,0.0,0.0,0.0,0.0,0.0,0.0,0.0,0.0,0.0,0.0,0.0,0.0,0.0,0.0,0.0,0.0
mp-557012,0.0,0.0,0.0,0.0,0.0,0.0,0.0,0.0,0.0,1.447e-06,1.945e-06,6.917e-06,1.422e-05,1.86e-05,2.214e-05,3.218e-05,,,,,,
mp-557104,0.0,0.0,0.0,0.0,0.0,0.0,0.0,0.0,0.0,0.0,2.301e-06,0.0,9.517e-06,1.121e-05,1.421e-05,4.147e-05,,,,,,
mp-557112,0.0,0.0,0.0,0.0,0.0,0.0,0.0,0.0,0.0,0.0,0.0,0.0,0.0,1.647e-06,1.126e-05,1.499e-05,2.501e-05,9.46e-05,8.862e-05,,,
mp-557189,0.0,0.0,0.0,0.0,0.0,3.457e-06,5.193e-06,8.31e-06,1.41e-05,2.131e-05,2.65e-05,3.383e-05,5.239e-05,6.776e-05,8.371e-05,0.0001172,,,,,,
mp-557268,0.0,0.0,0.0,0.0,0.0,0.0,0.0,0.0,0.0,0.0,0.0,1.939e-06,3.516e-06,3.46e-06,2.562e-05,6.528e-05,,,,,,
mp-557293,0.0,0.0,0.0,0.0,0.0,0.0,0.0,0.0,0.0,0.0,0.0,0.0,0.0,0.0,3.997e-06,3.716e-05,,,,,,
mp-557328,0.0,0.0,0.0,0.0,0.0,0.0,0.0,0.0,0.0,0.0,0.0,0.0,0.0,0.0,0.0,0.0,0.0,0.0,0.0,0.0,0.0,0.0
mp-557375,0.0,0.0,0.0,0.0,0.0,0.0,0.0,0.0,0.0,1.213e-05,,,,,,,,,,,,
mp-557456,0.0,0.0,0.0,0.0,0.0,0.0,0.0,0.0,0.0,0.0,0.0,0.0,3.166e-06,4.16e-06,7.048e-06,7.535e-06,9.646e-06,1.776e-05,3.266e-05,5.549e-05,0.0001415,0.000208
mp-557467,0.0,0.0,0.0,0.0,0.0,0.0,0.0,0.0,0.0,0.0,,,,,,,,,,,,
mp-557473,0.0,0.0,0.0,0.0,0.0,0.0,0.0,0.0,0.0,0.0,0.0,0.0,0.0,0.0,0.0,1.787e-05,,,,,,
mp-557632,0.0,0.0,0.0,0.0,0.0,0.0,0.0,0.0,0.0,0.0,0.0,0.0,0.0,,,,,,,,,
mp-557738,0.0,0.0,0.0,0.0,0.0,0.0,0.0,0.0,0.0,0.0,0.0,0.0,0.0,0.0,0.0,0.0,0.0,0.0,0.0,,,
mp-557756,0.0,0.0,0.0,0.0,0.0,0.0,0.0,2.407e-06,8.611e-06,1.678e-05,,,,,,,,,,,,
mp-557798,0.0,0.0,0.0,0.0,0.0,0.0,0.0,0.0,0.0,0.0,0.0,0.0,0.0,0.0,0.0,0.0,,,,,,
mp-557857,0.0,0.0,0.0,0.0,0.0,0.0,0.0,0.0,0.0,0.0,0.0,3.235e-06,2.554e-06,5.322e-06,1.407e-05,1.714e-05,3.13e-05,4.035e-05,5.473e-05,7.033e-05,8.116e-05,9.769e-05
mp-557861,0.0,0.0,0.0,0.0,0.0,0.0,0.0,0.0,0.0,0.0,0.0,0.0,0.0,4.89e-06,1.166e-05,2.114e-05,2.468e-05,4.037e-05,5.412e-05,6.529e-05,8.82e-05,8.059e-05
mp-557892,0.0,0.0,0.0,2.002e-05,,,,,,,,,,,,,,,,,,
mp-557962,0.0,0.0,0.0,0.0,0.0,0.0,0.0,,,,,,,,,,,,,,,
mp-557969,0.0,0.0,0.0,0.0,0.0,0.0,0.0,0.0,0.0,0.0,0.0,0.0,0.0,0.0,0.0,0.0,,,,,,
mp-558054,0.0,0.0,0.0,0.0,0.0,0.0,0.0,0.0,0.0,0.0,0.0,0.0,0.0,0.0,3.89e-06,3.628e-06,6.283e-06,1.239e-05,1.737e-05,2.475e-05,4.191e-05,6.413e-05
mp-558083,0.0,0.0,0.0,0.0,0.0,0.0,0.0,0.0,0.0,0.0,0.0,2.176e-06,7.009e-06,1.199e-05,1.699e-05,2.036e-05,2.767e-05,4.684e-05,3.27e-05,4.692e-05,6.357e-05,7.178e-05
mp-558102,0.0,0.0,0.0,0.0,0.0,0.0,0.0,0.0,0.0,0.0,0.0,0.0,0.0,0.0,0.0,0.0,0.0,0.0,0.0,0.0,0.0,0.0
mp-558105,0.0,0.0,0.0,0.0,0.0,0.0,0.0,0.0,0.0,1.091e-06,7.65e-06,1.137e-05,2.959e-05,,,,,,,,,
mp-558219,0.0,0.0,0.0,8.885e-06,,,,,,,,,,,,,,,,,,
mp-558294,0.0,0.0,0.0,0.0,0.0,0.0,0.0,0.0,0.0,0.0,0.0,0.0,0.0,0.0,0.0,0.0,0.0,0.0,0.0,2.261e-06,3.575e-06,3.839e-06
mp-558310,0.0,0.0,0.0,0.0,0.0,0.0,0.0,0.0,0.0,0.0,0.0,0.0,0.0,0.0,2.764e-06,0.0,,,,,,
mp-558455,0.0,0.0,0.0,0.0,0.0,0.0,0.0,0.0,0.0,0.0,,,,,,,,,,,,
mp-558483,0.0,0.0,0.0,0.0,0.0,0.0,0.0,0.0,0.0,0.0,0.0,0.0,0.0,0.0,0.0,4.209e-05,,,,,,
mp-558597,0.0,0.0,0.0,0.0,0.0,0.0,0.0,0.0,0.0,0.0,0.0,0.0,0.0,,,,,,,,,
mp-558619,0.0,0.0,0.0,0.0,0.0,0.0,0.0,0.0,0.0,0.0,2.348e-06,0.0,5.623e-06,3.954e-06,1.404e-05,1.905e-05,2.716e-05,4.497e-05,3.551e-05,3.923e-05,4.372e-05,7.913e-05
mp-558628,0.0,0.0,0.0,0.0,0.0,0.0,0.0,0.0,0.0,0.0,,,,,,,,,,,,
mp-558713,0.0,0.0,0.0,0.0,1.757e-06,4.785e-06,0.0,2.532e-05,4.493e-05,4.315e-05,5.615e-05,7.673e-05,0.0001078,5.989e-05,0.000118,0.0001364,0.0001478,0.0001855,0.0002136,0.0002172,0.0002242,0.0002716
mp-558728,0.0,0.0,0.0,0.0,0.0,0.0,0.0,0.0,0.0,0.0,0.0,0.0,0.0,,,,,,,,,
mp-558731,0.0,0.0,3.178e-06,3.87e-05,,,,,,,,,,,,,,,,,,
mp-558769,0.0,0.0,0.0,0.0,0.0,0.0,0.0,,,,,,,,,,,,,,,
mp-558890,0.0,0.0,0.0,0.0,0.0,0.0,0.0,0.0,0.0,0.0,0.0,0.0,0.0,8.322e-06,4.846e-06,4.396e-05,,,,,,
mp-558941,0.0,0.0,0.0,0.0,0.0,0.0,0.0,0.0,0.0,0.0,0.0,0.0,0.0,0.0,0.0,0.0,0.0,1.713e-06,1.487e-06,2.575e-06,0.0,5.908e-06
mp-559052,0.0,0.0,0.0,0.0,0.0,0.0,0.0,0.0,0.0,0.0,0.0,0.0,0.0,0.0,0.0,0.0,0.0,0.0,0.0,,,
mp-559142,0.0,0.0,0.0,0.0,0.0,0.0,0.0,0.0,0.0,1.767e-06,2.915e-06,2.834e-05,4.971e-05,,,,,,,,,
mp-559533,0.0,0.0,0.0,0.0,0.0,0.0,0.0,0.0,6.171e-06,1.73e-05,,,,,,,,,,,,
mp-559539,0.0,0.0,0.0,0.0,0.0,1.858e-06,0.0,2.953e-05,6.294e-06,2.771e-05,2.423e-05,2.545e-05,4.727e-05,6.037e-05,5.691e-05,9.063e-05,9.722e-05,0.0001252,0.000177,,,
mp-559554,0.0,0.0,0.0,0.0,0.0,0.0,0.0,,,,,,,,,,,,,,,
mp-559598,0.0,0.0,0.0,0.0,0.0,0.0,0.0,0.0,0.0,0.0,0.0,0.0,0.0,,,,,,,,,
mp-559612,0.0,0.0,0.0,0.0,0.0,0.0,0.0,0.0,0.0,0.0,0.0,0.0,0.0,0.0,0.0,6.869e-05,,,,,,
mp-559689,0.0,0.0,0.0,0.0,0.0,0.0,0.0,0.0,0.0,0.0,0.0,5.103e-06,8.683e-06,2.22e-05,2.896e-05,3.754e-05,4.075e-05,4.545e-05,5.477e-05,6.821e-05,7.622e-05,0.0001226
mp-559708,0.0,0.0,0.0,0.0,0.0,0.0,0.0,0.0,0.0,3.902e-06,6.968e-06,1.387e-05,5.465e-05,,,,,,,,,
mp-559715,0.0,0.0,0.0,0.0,0.0,0.0,0.0,0.0,0.0,0.0,0.0,0.0,0.0,,,,,,,,,
mp-559719,0.0,0.0,0.0,0.0,0.0,0.0,0.0,4.136e-06,5.894e-06,1.568e-05,3.271e-05,0.0,0.0,,,,,,,,,
mp-559766,0.0,0.0,0.0,0.0,0.0,0.0,0.0,0.0,0.0,0.0,0.0,0.0,0.0,0.0,1.409e-05,4.39e-05,,,,,,
mp-559767,0.0,0.0,0.0,0.0,0.0,0.0,0.0,0.0,0.0,0.0,0.0,3.426e-05,5.952e-05,,,,,,,,,
mp-559814,0.0,2.319e-06,9.427e-06,2.875e-05,,,,,,,,,,,,,,,,,,
mp-559893,0.0,0.0,0.0,0.0,0.0,0.0,0.0,0.0,0.0,0.0,0.0,3.045e-05,4.387e-05,,,,,,,,,
mp-559904,0.0,0.0,0.0,0.0,0.0,0.0,0.0,0.0,0.0,0.0,0.0,0.0,0.0,0.0,6.939e-06,1.34e-05,,,,,,
mp-559908,0.0,0.0,0.0,0.0,0.0,0.0,0.0,0.0,0.0,0.0,0.0,0.0,0.0,0.0,0.0,0.0,2.839e-06,0.0,2.283e-06,4.425e-06,8.511e-06,4.538e-06
mp-559934,0.0,0.0,0.0,0.0,0.0,0.0,0.0,0.0,0.0,0.0,,,,,,,,,,,,
mp-559987,0.0,0.0,0.0,0.0,0.0,0.0,0.0,0.0,0.0,0.0,0.0,2.298e-06,3.618e-06,6.675e-06,2.449e-05,1.032e-05,3.793e-05,7.208e-05,7.167e-05,,,
mp-560036,0.0,0.0,0.0,0.0,0.0,0.0,0.0,0.0,0.0,0.0,0.0,0.0,0.0,0.0,0.0,0.0,0.0,0.0,0.0,0.0,0.0,0.0
mp-560058,0.0,0.0,0.0,0.0,0.0,0.0,0.0,3.277e-06,7.111e-06,1.338e-05,1.43e-05,2.544e-05,4.182e-05,,,,,,,,,
mp-560072,0.0,0.0,0.0,0.0,0.0,0.0,0.0,0.0,0.0,0.0,2.112e-06,0.0,0.0,8.795e-06,8.496e-06,3.867e-05,,,,,,
mp-560104,0.0,0.0,0.0,0.0,1.64e-06,0.0,5.23e-06,4.755e-06,1.515e-05,1.547e-05,1.491e-05,2.385e-05,4.484e-05,4.088e-05,4.974e-05,5.701e-05,8.503e-05,8.228e-05,8.982e-05,9.776e-05,0.0,0.0001162
mp-560189,0.0,0.0,0.0,0.0,0.0,0.0,0.0,0.0,0.0,6.521e-06,,,,,,,,,,,,
mp-560209,0.0,0.0,0.0,0.0,0.0,0.0,0.0,0.0,3.613e-06,5.766e-06,9.418e-06,2.248e-05,2.532e-05,3.97e-05,4.97e-05,7.385e-05,,,,,,
mp-560297,0.0,0.0,0.0,0.0,2.729e-06,7.56e-06,5.826e-06,8.438e-06,1.404e-05,1.873e-05,3.491e-05,2.128e-05,3.763e-05,4.639e-05,6.589e-05,7.372e-05,7.022e-05,9.64e-05,8.992e-05,0.00011,0.0001082,0.0001418
mp-560555,0.0,0.0,0.0,0.0,0.0,0.0,0.0,0.0,0.0,0.0,0.0,0.0,0.0,0.0,0.0,0.0,,,,,,
mp-560605,0.0,0.0,0.0,0.0,0.0,0.0,0.0,0.0,0.0,0.0,0.0,0.0,0.0,0.0,0.0,0.0,0.0,0.0,0.0,,,
mp-560653,0.0,0.0,0.0,0.0,0.0,0.0,0.0,0.0,0.0,0.0,0.0,0.0,0.0,0.0,0.0,0.0,0.0,0.0,4.336e-06,,,
mp-560739,0.0,0.0,0.0,0.0,0.0,0.0,0.0,0.0,0.0,0.0,0.0,0.0,0.0,0.0,0.0,3.28e-06,,,,,,
mp-560866,0.0,0.0,0.0,0.0,0.0,0.0,0.0,0.0,0.0,0.0,0.0,2.17e-06,7.516e-06,1.535e-05,1.9e-05,3.433e-05,6.664e-05,6.833e-05,8.474e-05,,,
mp-560890,0.0,0.0,0.0,0.0,0.0,0.0,0.0,0.0,1.869e-06,4.281e-06,1.488e-05,1.461e-05,1.762e-05,2.98e-05,6.547e-05,8.291e-05,,,,,,
mp-560894,0.0,0.0,0.0,0.0,0.0,0.0,0.0,0.0,0.0,0.0,0.0,0.0,2.258e-06,7.959e-06,1.099e-05,1.954e-05,2.461e-05,0.0001001,6.229e-05,,,
mp-561011,0.0,0.0,0.0,0.0,,,,,,,,,,,,,,,,,,
mp-561095,0.0,0.0,0.0,0.0,0.0,0.0,0.0,0.0,0.0,0.0,0.0,0.0,0.0,0.0,0.0,0.0,0.0,0.0,0.0,0.0,0.0,0.0
mp-561237,0.0,0.0,0.0,0.0,0.0,0.0,0.0,0.0,0.0,0.0,0.0,0.0,0.0,0.0,0.0,0.0,0.0,0.0,0.0,0.0,0.0,0.0
mp-561254,0.0,0.0,0.0,0.0,0.0,0.0,0.0,0.0,0.0,0.0,0.0,0.0,1.812e-06,3.443e-06,3.424e-05,6.986e-05,,,,,,
mp-561257,0.0,0.0,0.0,0.0,0.0,0.0,0.0,0.0,0.0,0.0,0.0,0.0,0.0,0.0,0.0,0.0,0.0,0.0,0.0,0.0,0.0,0.0
mp-561294,0.0,0.0,0.0,0.0,0.0,0.0,0.0,0.0,0.0,0.0,0.0,0.0,0.0,3.518e-06,8.699e-06,1.837e-05,1.884e-05,3.711e-05,4.964e-05,6.629e-05,9.021e-05,9.454e-05
mp-561310,0.0,0.0,0.0,0.0,0.0,0.0,0.0,,,,,,,,,,,,,,,
mp-561430,0.0,0.0,0.0,0.0,0.0,0.0,0.0,0.0,0.0,0.0,0.0,0.0,0.0,0.0,0.0,0.0,,,,,,
mp-561474,0.0,0.0,0.0,0.0,0.0,0.0,0.0,0.0,0.0,0.0,0.0,0.0,0.0,,,,,,,,,
mp-5614,0.0,0.0,0.0,4.412e-05,,,,,,,,,,,,,,,,,,
mp-561623,0.0,0.0,0.0,0.0,0.0,0.0,0.0,0.0,0.0,0.0,0.0,0.0,0.0,0.0,0.0,0.0,0.0,0.0,0.0,0.0,0.0,0.0
mp-562137,0.0,0.0,0.0,0.0,0.0,0.0,0.0,0.0,0.0,0.0,0.0,0.0,7.157e-06,,,,,,,,,
mp-562473,0.0,0.0,0.0,0.0,1.327e-06,6.877e-06,9.59e-06,3.95e-05,1.889e-05,5.103e-05,6.513e-05,9.384e-05,0.0001089,0.00015,0.0002182,0.0001698,0.000203,0.0002668,0.0002065,,,
mp-567219,0.0,0.0,0.0,0.0,0.0,0.0,0.0,0.0,0.0,0.0,0.0,0.0,0.0,2.216e-06,0.0,4.284e-06,,,,,,
mp-567371,0.0,0.0,0.0,0.0,0.0,0.0,0.0,0.0,0.0,0.0,0.0,0.0,0.0,0.0,0.0,3.278e-06,3.084e-06,1.011e-05,2.601e-05,,,
mp-567628,0.0,0.0,0.0,0.0,0.0,0.0,0.0,0.0,0.0,1.232e-05,7.529e-06,6.509e-05,0.0001033,,,,,,,,,
mp-567652,0.0,0.0,0.0,0.0,0.0,0.0,0.0,0.0,0.0,0.0,0.0,0.0,0.0,0.0,4.287e-06,4.892e-06,1.135e-05,5.33e-06,0.0001028,,,
mp-567658,0.0,0.0,0.0,0.0,0.0,0.0,0.0,0.0,0.0,0.0,0.0,0.0,0.0,,,,,,,,,
mp-567967,0.0,0.0,1.701e-05,6.07e-05,,,,,,,,,,,,,,,,,,
mp-568273,0.0,0.0,0.0,0.0,0.0,0.0,0.0,2.445e-06,1.176e-05,2.734e-05,,,,,,,,,,,,
mp-568365,0.0,0.0,0.0,0.0,0.0,0.0,0.0,3.751e-06,3.28e-05,0.0001019,,,,,,,,,,,,
mp-568385,0.0,0.0,0.0,0.0,0.0,0.0,0.0,0.0,0.0,0.0,0.0,0.0,0.0,0.0,0.0,0.0,0.0,3.158e-06,3.326e-06,,,
mp-569055,0.0,0.0,0.0,4.139e-05,5.82e-05,6.119e-05,7.958e-05,,,,,,,,,,,,,,,
mp-569085,0.0,0.0,0.0,0.0,0.0,0.0,0.0,0.0,0.0,0.0,1.133e-06,5.381e-05,0.0001287,,,,,,,,,
mp-569117,0.0,0.0,0.0,0.0,0.0,0.0,0.0,0.0,0.0,0.0,0.0,0.0,7.769e-05,,,,,,,,,
mp-569238,0.0,0.0,3.465e-06,3.105e-05,,,,,,,,,,,,,,,,,,
mp-569282,0.0,0.0,0.0,0.0,0.0,0.0,0.0,,,,,,,,,,,,,,,
mp-569450,0.0,0.0,0.0,0.0,0.0,0.0,0.0,0.0,3.117e-06,2.962e-06,7.008e-06,6.354e-06,1.325e-05,1.13e-05,2.403e-05,1.197e-05,2.794e-05,3.775e-05,3.487e-05,4.246e-05,0.0,6.598e-05
mp-569782,0.0,0.0,0.0,0.0,0.0,0.0,1.877e-06,5.19e-06,6.768e-06,1.736e-05,1.289e-05,1.806e-05,3.121e-05,3.661e-05,4.453e-05,4.986e-05,,,,,,
mp-570080,0.0,,,,,,,,,,,,,,,,,,,,,
mp-570097,0.0,0.0,0.0,0.0,0.0,0.0,0.0,0.0,2.48e-06,7.296e-06,,,,,,,,,,,,
mp-570379,0.0,0.0,0.0,0.0,0.0,0.0,0.0,0.0,0.0,0.0,0.0,0.0,0.0,4.318e-06,0.0,5.264e-06,1.009e-05,7.685e-06,2.988e-05,4.59e-05,2.071e-05,7.179e-05
mp-570756,0.0,0.0,0.0,0.0,0.0,0.0,0.0,0.0,0.0,0.0,3.418e-06,4.566e-06,1.461e-05,,,,,,,,,
mp-570935,0.0,0.0,0.0,5.083e-05,,,,,,,,,,,,,,,,,,
mp-570948,0.0,0.0,0.0,0.0,0.0,0.0,0.0,0.0,0.0,0.0,0.0,0.0,0.0,0.0,0.0,0.0,1.318e-06,3.09e-06,3.832e-06,6.1e-06,1.176e-05,5.3e-05
mp-571390,0.0,0.0,0.0,0.0,0.0,0.0,0.0,1.307e-06,0.0,4.555e-06,,,,,,,,,,,,
mp-571409,0.0,0.0,0.0,0.0,0.0,3.013e-06,4.453e-05,,,,,,,,,,,,,,,
mp-571527,0.0,0.0,0.0,0.0,0.0,0.0,0.0,0.0,1.138e-05,1.49e-05,,,,,,,,,,,,
mp-571666,0.0,0.0,0.0,0.0,0.0,0.0,0.0,,,,,,,,,,,,,,,
mp-573677,0.0,0.0,0.0,0.0,0.0,0.0,0.0,0.0,0.0,0.0,0.0,0.0,2.701e-06,4.314e-06,7.965e-06,8.878e-06,,,,,,
mp-574653,0.0,0.0,0.0,0.0,0.0,0.0,0.0,0.0,0.0,0.0,,,,,,,,,,,,
mp-5769,0.0,0.0,0.0,0.0,0.0,0.0,0.0,0.0,0.0,0.0,0.0,0.0,0.0,0.0,0.0,0.0,0.0,2.881e-06,2.174e-06,5.832e-06,8.06e-06,1.825e-05
mp-582259,0.0,0.0,0.0,0.0,0.0,0.0,0.0,2.318e-06,1.185e-05,2.547e-05,4.405e-05,6.61e-05,7.498e-05,0.0,0.0001085,0.0001263,,,,,,
mp-5832,0.0,0.0,0.0,0.0,0.0,0.0,0.0,0.0,0.0,0.0,6.648e-06,5.422e-06,1.039e-05,2.553e-05,2.163e-05,3.372e-05,3.889e-05,0.0001051,0.0001245,,,
mp-5840,0.0,0.0,0.0,0.0,0.0,0.0,0.0,0.0,0.0,0.0,0.0,0.0,0.0,0.0,0.0,0.0,0.0,0.0,0.0,0.0,0.0,0.0
mp-585305,0.0,0.0,0.0,0.0,3.741e-06,6.304e-06,2.154e-05,,,,,,,,,,,,,,,
mp-5853,0.0,0.0,0.0,0.0,0.0,0.0,0.0,0.0,0.0,0.0,0.0,0.0,0.0,0.0,0.0,0.0,0.0,0.0,0.0,0.0,0.0,0.0
mp-5854,0.0,0.0,0.0,0.0,0.0,0.0,0.0,0.0,0.0,0.0,0.0,0.0,0.0,0.0,0.0,0.0,0.0,0.0,0.0,0.0,0.0,0.0
mp-5914,0.0,0.0,0.0,0.0,0.0,0.0,0.0,0.0,2.542e-06,1.629e-05,2.794e-05,2.77e-05,3.604e-05,4.271e-05,5.312e-05,6.464e-05,,,,,,
mp-5990,0.0,0.0,0.0,0.0,0.0,0.0,0.0,0.0,0.0,0.0,0.0,0.0,0.0,,,,,,,,,
mp-6011,0.0,0.0,0.0,0.0,0.0,0.0,0.0,0.0,0.0,0.0,0.0,0.0,0.0,3.819e-06,1.203e-05,3.011e-06,,,,,,
mp-6031,0.0,0.0,0.0,0.0,0.0,0.0,0.0,0.0,0.0,3.409e-06,6.794e-06,1.489e-05,2.461e-05,4.422e-05,5.488e-05,7.882e-05,,,,,,
mp-606680,0.0,0.0,0.0,0.0,0.0,0.0,0.0,0.0,5.071e-05,8.429e-05,,,,,,,,,,,,
mp-6075,0.0,0.0,0.0,0.0,0.0,0.0,0.0,0.0,0.0,0.0,0.0,0.0,0.0,0.0,0.0,0.0,0.0,0.0,0.0,,,
mp-608311,0.0,0.0,0.0,4.438e-06,,,,,,,,,,,,,,,,,,
mp-6099,0.0,0.0,0.0,0.0,0.0,0.0,0.0,0.0,0.0,0.0,0.0,0.0,0.0,0.0,0.0,0.0,0.0,0.0,1.561e-06,2.422e-06,0.0,0.0
mp-6113,0.0,0.0,0.0,0.0,0.0,0.0,0.0,0.0,0.0,0.0,0.0,1.042e-06,2.395e-06,4.489e-06,1.573e-05,1.745e-05,3.796e-05,4.578e-05,6.388e-05,,,
mp-6126,0.0,0.0,0.0,0.0,0.0,0.0,0.0,0.0,0.0,0.0,0.0,0.0,3.222e-05,,,,,,,,,
mp-613442,0.0,0.0,0.0,0.0,0.0,0.0,0.0,2.627e-06,1.007e-05,3.286e-05,,,,,,,,,,,,
mp-6134,0.0,0.0,0.0,0.0,0.0,0.0,0.0,0.0,0.0,0.0,0.0,0.0,0.0,,,,,,,,,
mp-6146,0.0,0.0,0.0,0.0,0.0,0.0,0.0,0.0,0.0,0.0,0.0,0.0,1.279e-06,1.339e-06,2.242e-05,3.039e-05,,,,,,
mp-616572,0.0,0.0,0.0,0.0,0.0,2.888e-06,7.276e-06,1.557e-05,3.988e-05,6.168e-05,,,,,,,,,,,,
mp-6175,0.0,0.0,0.0,0.0,0.0,0.0,0.0,0.0,0.0,0.0,0.0,0.0,0.0,0.0,0.0,3.203e-06,4.568e-06,2.211e-05,2.907e-05,,,
mp-6179,0.0,0.0,0.0,0.0,0.0,0.0,0.0,0.0,0.0,0.0,5.89e-06,2.569e-06,4.63e-05,,,,,,,,,
mp-6211,0.0,0.0,0.0,0.0,0.0,0.0,0.0,,,,,,,,,,,,,,,
mp-6224,0.0,0.0,0.0,0.0,0.0,0.0,0.0,0.0,0.0,0.0,0.0,0.0,0.0,0.0,0.0,0.0,0.0,0.0,0.0,1.662e-06,2.614e-06,0.0
mp-6240,0.0,0.0,0.0,0.0,0.0,0.0,0.0,0.0,0.0,0.0,0.0,0.0,0.0,0.0,0.0,0.0,0.0,0.0,0.0,0.0,0.0,0.0
mp-6241,0.0,0.0,0.0,0.0,0.0,0.0,0.0,0.0,0.0,0.0,0.0,0.0,0.0,0.0,0.0,0.0,0.0,0.0,0.0,0.0,0.0,0.0
mp-6253,0.0,0.0,0.0,0.0,0.0,0.0,0.0,,,,,,,,,,,,,,,
mp-6259,0.0,0.0,0.0,0.0,0.0,0.0,0.0,0.0,0.0,0.0,0.0,0.0,0.0,1.353e-06,2.15e-06,6.404e-06,7.789e-06,1.697e-05,1.733e-05,2.882e-05,4.207e-05,5.276e-05
mp-6270,0.0,0.0,0.0,0.0,0.0,0.0,0.0,0.0,0.0,0.0,0.0,0.0,0.0,0.0,0.0,0.0,0.0,0.0,0.0,0.0,0.0,0.0
mp-629430,0.0,0.0,0.0,0.0,0.0,0.0,0.0,0.0,0.0,0.0,2.792e-06,5.024e-06,3.732e-05,,,,,,,,,
mp-6326,0.0,0.0,0.0,0.0,0.0,2.304e-06,8.117e-06,1.261e-05,2.08e-05,3.263e-05,4.651e-05,7.88e-05,7.259e-05,9.804e-05,9.78e-05,0.0001314,0.0001687,0.0001971,0.000211,0.0002502,0.0002739,0.0002808
mp-6327,0.0,0.0,0.0,0.0,0.0,2.212e-06,8.868e-06,1.462e-05,2.529e-05,3.987e-05,4.977e-05,5.977e-05,6.973e-05,0.0001132,0.0001154,0.0001386,0.0001695,0.0001945,0.000234,0.0002752,0.0002669,0.0001105
mp-6332,0.0,0.0,0.0,0.0,0.0,0.0,0.0,0.0,0.0,0.0,0.0,0.0,0.0,0.0,0.0,0.0,3.075e-06,0.0,2.025e-06,0.0,3.967e-06,8.752e-06
mp-6340,0.0,0.0,0.0,0.0,0.0,0.0,0.0,0.0,0.0,0.0,0.0,0.0,0.0,0.0,0.0,0.0,0.0,0.0,0.0,0.0,0.0,0.0
mp-638070,0.0,0.0,0.0,0.0,0.0,0.0,0.0,0.0,0.0,0.0,0.0,0.0,0.0,0.0,0.0,0.0,0.0,0.0,0.0,0.0,0.0,0.0
mp-6413,0.0,0.0,0.0,0.0,0.0,0.0,0.0,0.0,0.0,0.0,0.0,0.0,1.399e-05,1.177e-05,1.434e-05,2.96e-05,4.039e-05,5.19e-05,6.555e-05,,,
mp-6425,0.0,0.0,0.0,0.0,0.0,2.64e-06,2.984e-06,9.528e-06,1.597e-05,2.858e-05,3.597e-05,5.827e-05,5.55e-05,,,,,,,,,
mp-6450,0.0,0.0,0.0,0.0,0.0,0.0,0.0,0.0,0.0,0.0,0.0,0.0,0.0,,,,,,,,,
mp-6456,0.0,0.0,0.0,0.0,0.0,0.0,0.0,0.0,0.0,0.0,0.0,5.73e-06,2.567e-06,8.556e-06,4.45e-05,7.337e-05,,,,,,
mp-6478,0.0,0.0,0.0,0.0,0.0,2.631e-06,4.231e-06,1.027e-05,1.276e-05,1.279e-05,2.222e-05,1.799e-05,4.423e-05,4.149e-05,5.746e-05,5.088e-05,6.454e-05,7.716e-05,7.689e-05,0.0001127,0.0001025,0.0001461
mp-6499,0.0,0.0,0.0,0.0,0.0,0.0,0.0,0.0,0.0,0.0,0.0,0.0,0.0,0.0,0.0,0.0,0.0,0.0,0.0,0.0,0.0,0.0
mp-6521,0.0,0.0,0.0,0.0,0.0,0.0,0.0,0.0,0.0,0.0,0.0,2.29e-06,0.0,8.522e-06,1.165e-05,2.309e-05,4.437e-05,6.781e-05,7.962e-05,6.434e-05,0.0001098,0.0001219
mp-6527,0.0,0.0,0.0,0.0,0.0,0.0,0.0,0.0,0.0,0.0,,,,,,,,,,,,
mp-6553,0.0,0.0,0.0,0.0,0.0,0.0,0.0,0.0,0.0,0.0,0.0,0.0,0.0,0.0,0.0,0.0,0.0,0.0,0.0,2.492e-06,0.0,0.0
mp-655591,0.0,0.0,0.0,0.0,0.0,0.0,0.0,0.0,0.0,0.0,0.0,0.0,0.0,4.013e-06,4.414e-06,5.772e-06,1.079e-05,0.0,1.044e-05,8.793e-06,1.787e-05,0.0001319
mp-6565,0.0,0.0,2.606e-06,0.0,6.573e-06,1.187e-05,1.647e-05,3.181e-05,4.867e-05,5.741e-05,7.109e-05,7.063e-05,9.19e-05,0.0001049,0.0001082,0.0001258,,,,,,
mp-6591,0.0,0.0,0.0,0.0,0.0,0.0,0.0,0.0,0.0,0.0,0.0,0.0,0.0,,,,,,,,,
mp-6597,0.0,0.0,0.0,0.0,0.0,0.0,0.0,0.0,0.0,0.0,,,,,,,,,,,,
mp-6604,0.0,0.0,0.0,0.0,0.0,0.0,0.0,0.0,0.0,0.0,0.0,0.0,0.0,0.0,0.0,0.0,0.0,0.0,0.0,,,
mp-6654,0.0,0.0,0.0,0.0,0.0,0.0,0.0,0.0,0.0,0.0,0.0,0.0,0.0,0.0,0.0,0.0,,,,,,
mp-6663,0.0,0.0,0.0,0.0,0.0,0.0,0.0,0.0,0.0,0.0,0.0,0.0,0.0,0.0,0.0,0.0,0.0,0.0,5.425e-06,,,
mp-6674,0.0,0.0,0.0,0.0,0.0,0.0,0.0,0.0,0.0,0.0,0.0,0.0,0.0,0.0,0.0,0.0,0.0,0.0,0.0,0.0,0.0,0.0
mp-6711,0.0,0.0,0.0,0.0,0.0,0.0,0.0,0.0,0.0,0.0,0.0,1.716e-06,2.938e-05,,,,,,,,,
mp-6726,0.0,0.0,0.0,0.0,0.0,0.0,0.0,,,,,,,,,,,,,,,
mp-673101,0.0,0.0,0.0,0.0,0.0,0.0,0.0,0.0,7.213e-06,1.201e-05,,,,,,,,,,,,
mp-673833,0.0,0.0,0.0,1.286e-05,,,,,,,,,,,,,,,,,,
mp-674531,0.0,2.172e-06,1.27e-05,2.805e-05,,,,,,,,,,,,,,,,,,
mp-6745,0.0,0.0,0.0,0.0,0.0,0.0,0.0,0.0,0.0,0.0,0.0,0.0,0.0,2.992e-06,0.0,0.0,0.0,0.0,0.0,0.0,0.0,0.0
mp-675488,0.0,0.0,0.0,0.0,0.0,0.0,0.0,0.0,0.0,0.0,0.0,2.287e-06,3.124e-05,,,,,,,,,
mp-675800,0.0,0.0,2.41e-06,7.702e-06,,,,,,,,,,,,,,,,,,
mp-675941,0.0,0.0,0.0,0.0,0.0,4.349e-06,7.939e-06,1.089e-05,1.52e-05,1.989e-05,2.881e-05,3.339e-05,4.01e-05,,,,,,,,,
mp-6765,0.0,0.0,0.0,0.0,0.0,0.0,0.0,0.0,0.0,0.0,0.0,0.0,0.0,0.0,0.0,0.0,1.844e-06,0.0,4.242e-05,,,
mp-676650,0.0,0.0,0.0,0.0,0.0,0.0,0.0,0.0,0.0,3.087e-06,6.663e-06,9.436e-06,1.409e-05,,,,,,,,,
mp-677627,0.0,0.0,0.0,0.0,0.0,0.0,0.0,0.0,0.0,0.0,0.0,0.0,0.0,0.0,5.591e-07,0.0,9.555e-06,1.522e-05,2.34e-05,3.144e-05,4.193e-05,5.017e-05
mp-6782,0.0,0.0,0.0,0.0,0.0,0.0,0.0,0.0,0.0,0.0,0.0,0.0,0.0,0.0,0.0,0.0,0.0,0.0,0.0,0.0,0.0,0.0
mp-6783,0.0,0.0,0.0,0.0,0.0,0.0,0.0,0.0,0.0,8.253e-06,1.427e-05,0.0,3.883e-05,,,,,,,,,
mp-6799,0.0,0.0,0.0,0.0,0.0,0.0,0.0,0.0,0.0,0.0,0.0,0.0,0.0,0.0,0.0,0.0,0.0,0.0,0.0,0.0,0.0,0.0
mp-6800,0.0,0.0,0.0,0.0,0.0,0.0,0.0,,,,,,,,,,,,,,,
mp-684024,0.0,0.0,0.0,0.0,0.0,5.35e-06,8.158e-06,1.127e-05,1.627e-05,2.199e-05,2.88e-05,3.38e-05,4.261e-05,5.179e-05,5.887e-05,7.061e-05,7.778e-05,9.087e-05,9.56e-05,0.0001135,0.0001191,0.0001322
mp-6844,0.0,0.0,0.0,0.0,0.0,0.0,0.0,0.0,0.0,0.0,0.0,0.0,0.0,0.0,4.947e-06,3.756e-05,3.344e-05,4.104e-05,7.535e-05,4.816e-05,7.648e-05,8.265e-05
mp-685194,0.0,0.0,0.0,0.0,0.0,0.0,0.0,0.0,0.0,0.0,0.0,2.719e-06,1.181e-06,2.708e-05,3.204e-05,6.174e-05,,,,,,
mp-685991,0.0,2.156e-06,7.081e-06,1.898e-05,,,,,,,,,,,,,,,,,,
mp-686004,0.0,0.0,0.0,2.329e-06,,,,,,,,,,,,,,,,,,
mp-6884,0.0,0.0,0.0,0.0,0.0,0.0,0.0,0.0,0.0,0.0,0.0,0.0,3.088e-05,,,,,,,,,
mp-696127,0.0,2.356e-06,1.918e-05,5.555e-05,,,,,,,,,,,,,,,,,,
mp-696128,0.0,2.496e-06,1.967e-05,3.435e-05,6.327e-05,9.215e-05,0.0001127,,,,,,,,,,,,,,,
mp-696129,0.0,4.96e-06,2.33e-05,4.839e-05,5.762e-05,7.5e-05,0.0001002,,,,,,,,,,,,,,,
mp-7020,0.0,0.0,0.0,0.0,0.0,0.0,0.0,0.0,0.0,0.0,0.0,3.157e-06,0.0,1.038e-05,8.754e-06,8.465e-06,1.406e-05,2.07e-05,2.299e-05,2.624e-05,3.092e-05,3.919e-05
mp-703273,0.0,0.0,0.0,0.0,0.0,0.0,0.0,0.0,0.0,0.0,0.0,0.0,0.0,0.0,0.0,0.0,0.0,0.0,0.0,,,
mp-706277,0.0,4.974e-06,1.931e-05,4.93e-05,,,,,,,,,,,,,,,,,,
mp-7117,0.0,0.0,0.0,7.073e-06,3.552e-05,6.011e-05,7.686e-05,,,,,,,,,,,,,,,
mp-7137,0.0,0.0,0.0,0.0,0.0,0.0,0.0,0.0,0.0,0.0,0.0,0.0,0.0,2.679e-06,3.66e-06,0.0,5.843e-06,8.765e-06,0.0,0.0,2.576e-05,2.72e-05
mp-7205,0.0,0.0,0.0,0.0,0.0,0.0,0.0,0.0,0.0,0.0,0.0,0.0,0.0,0.0,0.0,0.0,0.0,0.0,0.0,0.0,0.0,0.0
mp-736,0.0,0.0,0.0,2.459e-06,8.531e-06,1.92e-05,6.211e-05,,,,,,,,,,,,,,,
mp-7471,0.0,0.0,0.0,0.0,0.0,0.0,0.0,0.0,0.0,0.0,0.0,0.0,3.672e-06,9.82e-06,1.721e-05,8.906e-05,,,,,,
mp-752460,0.0,0.0,0.0,0.0,0.0,0.0,2.564e-05,,,,,,,,,,,,,,,
mp-752501,0.0,0.0,0.0,0.0,0.0,0.0,0.0,0.0,0.0,0.0,0.0,0.0,0.0,,,,,,,,,
mp-752549,0.0,,,,,,,,,,,,,,,,,,,,,
mp-752638,0.0,0.0,0.0,0.0,0.0,1.406e-06,6.863e-06,,,,,,,,,,,,,,,
mp-752767,0.0,,,,,,,,,,,,,,,,,,,,,
mp-752768,0.0,0.0,0.0,0.0,0.0,0.0,2.948e-05,,,,,,,,,,,,,,,
mp-752882,0.0,0.0,0.0,6.758e-06,,,,,,,,,,,,,,,,,,
mp-752922,0.0,0.0,0.0,0.0,0.0,0.0,0.0,0.0,0.0,0.0,0.0,0.0,2.047e-06,7.625e-06,2.307e-05,2.763e-05,,,,,,
mp-752927,0.0,0.0,0.0,0.0,0.0,0.0,0.0,0.0,0.0,0.0,0.0,0.0,0.0,0.0,0.0,5.376e-05,,,,,,
mp-753098,0.0,0.0,0.0,0.0,0.0,0.0,0.0,0.0,0.0,0.0,,,,,,,,,,,,
mp-753257,0.0,0.0,0.0,0.0,0.0,0.0,0.0,2.792e-06,2.61e-06,7.123e-05,,,,,,,,,,,,
mp-753277,0.0,0.0,0.0,0.0,0.0,0.0,0.0,,,,,,,,,,,,,,,
mp-753327,0.0,0.0,0.0,0.0,0.0,0.0,0.0,0.0,0.0,0.0,0.0,0.0,0.0,0.0,3.93e-06,1.879e-06,,,,,,
mp-753353,0.0,0.0,0.0,0.0,0.0,0.0,0.0,0.0,0.0,0.0,0.0,0.0,0.0,0.0,0.0,0.0,0.0,0.0,0.0,0.0,0.0,0.0
mp-753371,0.0,0.0,1.137e-05,3.134e-05,,,,,,,,,,,,,,,,,,
mp-753425,0.0,0.0,0.0,0.0,,,,,,,,,,,,,,,,,,
mp-753520,0.0,0.0,3.226e-06,2.009e-05,,,,,,,,,,,,,,,,,,
mp-753541,0.0,0.0,0.0,0.0,0.0,0.0,0.0,0.0,3.436e-05,5.487e-05,,,,,,,,,,,,
mp-753546,0.0,0.0,2.345e-06,1.438e-05,3.531e-05,6.518e-05,0.0,,,,,,,,,,,,,,,
mp-7535,0.0,0.0,0.0,0.0,0.0,0.0,0.0,0.0,0.0,3.657e-06,1.194e-05,1.606e-05,2.682e-05,3.573e-05,4.659e-05,5.922e-05,7.126e-05,8.103e-05,9.948e-05,0.0001162,0.0001353,0.0001573
mp-753605,0.0,,,,,,,,,,,,,,,,,,,,,
mp-753677,0.0,0.0,0.0,1.6e-05,,,,,,,,,,,,,,,,,,
mp-753719,0.0,0.0,0.0,0.0,0.0,0.0,0.0,1.177e-05,1.422e-05,1.752e-05,3.405e-05,4.546e-05,6.715e-05,8.926e-05,9.259e-05,0.0001144,0.0001303,0.0001518,0.0001044,,,
mp-753720,0.0,4.609e-06,1.845e-05,3.783e-05,,,,,,,,,,,,,,,,,,
mp-753737,0.0,0.0,0.0,0.0,0.0,0.0,3.813e-06,,,,,,,,,,,,,,,
mp-753748,0.0,0.0,0.0,0.0,,,,,,,,,,,,,,,,,,
mp-753783,0.0,0.0,0.0,0.0,0.0,0.0,3.365e-06,6.457e-06,1.247e-05,3.49e-05,,,,,,,,,,,,
mp-753826,0.0,0.0,0.0,0.0,0.0,0.0,0.0,,,,,,,,,,,,,,,
mp-753864,0.0,0.0,0.0,0.0,0.0,0.0,0.0,0.0,0.0,0.0,0.0,8.676e-06,8.216e-06,7.023e-06,2.043e-05,1.42e-05,1.938e-05,2.475e-05,4.354e-05,5.452e-05,6.503e-05,5.644e-05
mp-753946,0.0,0.0,0.0,0.0,0.0,0.0,0.0,0.0,0.0,0.0,,,,,,,,,,,,
mp-754060,0.0,0.0,0.0,0.0,3.511e-06,5.705e-06,1.069e-05,1.312e-05,2.18e-05,3.72e-05,,,,,,,,,,,,
mp-754206,0.0,0.0,0.0,0.0,0.0,0.0,0.0,0.0,0.0,0.0,0.0,0.0,0.0,0.0,0.0,0.0,,,,,,
mp-754266,0.0,0.0,4.213e-06,1.229e-05,,,,,,,,,,,,,,,,,,
mp-754466,0.0,0.0,0.0,0.0,0.0,0.0,0.0,0.0,0.0,0.0,,,,,,,,,,,,
mp-754605,0.0,0.0,0.0,0.0,0.0,0.0,0.0,0.0,0.0,0.0,0.0,0.0,0.0,0.0,0.0,0.0,0.0,0.0,4.628e-06,6.102e-06,5.341e-06,9.361e-06
mp-754856,0.0,0.0,0.0,0.0,0.0,0.0,0.0,0.0,1.658e-06,2.008e-06,5.575e-06,6.481e-06,1.048e-05,1.587e-05,2.251e-05,4.721e-05,,,,,,
mp-755013,0.0,0.0,0.0,0.0,0.0,0.0,0.0,0.0,0.0,0.0,0.0,0.0,0.0,0.0,0.0,0.0,0.0,3.358e-06,8.475e-06,7.417e-05,0.000113,0.0001371
mp-755139,0.0,,,,,,,,,,,,,,,,,,,,,
mp-755225,0.0,0.0,0.0,0.0,0.0,0.0,0.0,0.0,0.0,0.0,0.0,2.138e-06,4.253e-06,8.819e-06,1.39e-05,6.274e-05,,,,,,
mp-755309,0.0,0.0,4.391e-05,6.285e-05,,,,,,,,,,,,,,,,,,
mp-755352,0.0,0.0,0.0,0.0,0.0,0.0,0.0,0.0,0.0,0.0,0.0,0.0,0.0,0.0,0.0,0.0,0.0,0.0,0.0,0.0,0.0,0.0
mp-755463,0.0,,,,,,,,,,,,,,,,,,,,,
mp-755505,0.0,0.0,0.0,0.0,0.0,0.0,0.0,0.0,0.0,0.0,0.0,0.0,3.588e-06,6.042e-06,1.165e-05,1.687e-05,,,,,,
mp-755559,0.0,0.0,0.0,0.0,2.253e-06,4.359e-06,7.461e-06,2.564e-05,0.0,2.651e-05,2.08e-05,4.436e-05,5.103e-05,,,,,,,,,
mp-755642,0.0,2.814e-05,5.107e-05,8.219e-05,,,,,,,,,,,,,,,,,,
mp-755703,0.0,0.0,0.0,0.0,0.0,0.0,0.0,,,,,,,,,,,,,,,
mp-756117,0.0,0.0,0.0,0.0,0.0,0.0,0.0,0.0,0.0,0.0,0.0,0.0,2.732e-06,3.479e-06,9.749e-06,6.197e-06,1.093e-05,1.878e-05,1.95e-05,1.635e-05,3.51e-05,4.157e-05
mp-756294,0.0,0.0,0.0,0.0,0.0,0.0,0.0,0.0,3.961e-06,9.687e-06,,,,,,,,,,,,
mp-756316,0.0,0.0,3.501e-05,6.538e-05,,,,,,,,,,,,,,,,,,
mp-756344,0.0,0.0,0.0,0.0,0.0,0.0,0.0,0.0,0.0,0.0,1.147e-05,2.698e-05,5.593e-05,6.952e-05,7.307e-05,8.987e-05,,,,,,
mp-756432,0.0,0.0,0.0,0.0,0.0,0.0,3.482e-06,4.631e-06,8.967e-06,1.494e-05,1.772e-05,1.911e-05,2.414e-05,3.028e-05,3.459e-05,5.097e-05,6.305e-05,9.161e-05,0.0001077,,,
mp-756544,0.0,0.0,0.0,0.0,0.0,0.0,0.0,0.0,0.0,0.0,0.0,2.558e-05,2.629e-05,,,,,,,,,
mp-756597,0.0,0.0,0.0,0.0,0.0,0.0,0.0,0.0,0.0,0.0,0.0,0.0,0.0,0.0,0.0,0.0,0.0,0.0,0.0,5.514e-06,7.201e-06,9.227e-06
mp-756639,0.0,0.0,0.0,0.0,0.0,0.0,0.0,0.0,0.0,0.0,0.0,0.0,1.963e-06,6.701e-06,1.137e-05,1.414e-05,2.271e-05,7.617e-05,0.0001202,,,
mp-756648,0.0,0.0,0.0,0.0,0.0,0.0,0.0,0.0,1.54e-06,0.0,2.637e-06,3.22e-06,1.472e-05,1.714e-05,3.559e-05,5.219e-05,,,,,,
mp-756811,0.0,4.596e-06,1.54e-05,3.29e-05,5.2e-05,7.455e-05,9.136e-05,,,,,,,,,,,,,,,
mp-756854,0.0,0.0,0.0,0.0,0.0,0.0,0.0,0.0,6.893e-06,1.279e-05,2.146e-05,2.858e-05,3.683e-05,4.744e-05,6.905e-05,7.751e-05,6.391e-05,0.0001122,0.0,,,
mp-756935,0.0,0.0,0.0,0.0,0.0,0.0,0.0,0.0,0.0,0.0,0.0,0.0,0.0,,,,,,,,,
mp-756951,0.0,0.0,0.0,0.0,0.0,7.076e-06,2.609e-05,1.555e-05,2.3e-06,2.405e-05,1.361e-05,2.628e-05,4.321e-05,,,,,,,,,
mp-7575,0.0,0.0,0.0,0.0,0.0,0.0,0.0,0.0,0.0,0.0,,,,,,,,,,,,
mp-757777,0.0,0.0,0.0,0.0,0.0,0.0,0.0,0.0,0.0,0.0,0.0,0.0,0.0,0.0,0.0,0.0,0.0,2.188e-05,9.891e-06,,,
mp-757874,0.0,0.0,0.0,0.0,0.0,0.0,0.0,0.0,0.0,0.0,,,,,,,,,,,,
mp-757,0.0,0.0,0.0,0.0,0.0,5.007e-06,1.244e-05,2.031e-05,3.183e-05,4.49e-05,,,,,,,,,,,,
mp-758054,0.0,0.0,0.0,0.0,0.0,0.0,0.0,,,,,,,,,,,,,,,
mp-758302,0.0,0.0,0.0,0.0,,,,,,,,,,,,,,,,,,
mp-758389,0.0,0.0,0.0,0.0,0.0,1.664e-06,0.0,2.743e-06,5.633e-06,1.337e-05,1.686e-05,3.319e-05,3.285e-05,4.024e-05,6.405e-05,7.16e-05,,,,,,
mp-758604,0.0,0.0,0.0,1.091e-06,,,,,,,,,,,,,,,,,,
mp-758770,0.0,0.0,0.0,0.0,0.0,0.0,0.0,0.0,0.0,0.0,0.0,0.0,2.489e-06,,,,,,,,,
mp-758894,0.0,0.0,0.0,0.0,0.0,2.551e-06,0.0,5.204e-06,8.404e-06,9.317e-06,1.188e-05,1.912e-05,2.272e-05,2.989e-05,3.113e-05,4.799e-05,5.36e-05,7.589e-05,9.09e-05,,,
mp-7593,0.0,0.0,0.0,0.0,0.0,0.0,0.0,0.0,0.0,0.0,0.0,0.0,0.0,,,,,,,,,
mp-7594,0.0,0.0,0.0,0.0,0.0,0.0,0.0,0.0,0.0,0.0,0.0,0.0,0.0,0.0,0.0,0.0,,,,,,
mp-759680,0.0,0.0,0.0,0.0,0.0,0.0,0.0,0.0,0.0,0.0,0.0,0.0,0.0,0.0,0.0,0.0,0.0,0.0,0.0,,,
mp-759849,0.0,0.0,0.0,0.0,0.0,0.0,0.0,0.0,0.0,0.0,0.0,0.0,0.0,0.0,0.0,1.707e-05,5.153e-06,1.411e-05,3.877e-05,,,
mp-760375,0.0,0.0,4.926e-05,0.0001002,,,,,,,,,,,,,,,,,,
mp-7603,0.0,0.0,0.0,0.0,0.0,0.0,0.0,0.0,0.0,0.0,3.539e-06,7.084e-06,1.121e-05,2.267e-05,4.22e-05,0.0,,,,,,
mp-760415,0.0,0.0,2.822e-05,6.956e-05,,,,,,,,,,,,,,,,,,
mp-760483,0.0,0.0,0.0,0.0,0.0,0.0,0.0,0.0,0.0,0.0,0.0,0.0,0.0,0.0,0.0,0.0,0.0,0.0,0.0,0.0,0.0,0.0
mp-760701,0.0,0.0,3.499e-06,0.0,8.028e-06,1.289e-05,9.803e-06,2.575e-05,2.38e-05,2.946e-05,4.037e-05,4.242e-05,5.142e-05,5.632e-05,7.14e-05,8.984e-05,,,,,,
mp-760778,0.0,0.0,0.0,0.0,4.459e-06,2.46e-05,4.073e-05,,,,,,,,,,,,,,,
mp-7608,0.0,0.0,0.0,0.0,0.0,0.0,0.0,0.0,0.0,0.0,0.0,0.0,0.0,2.121e-06,7.198e-05,9.577e-05,,,,,,
mp-761825,0.0,0.0,0.0,0.0,0.0,0.0,0.0,0.0,5.858e-06,7.114e-06,7.911e-06,1.87e-05,2.344e-05,3.196e-05,3.847e-05,4.865e-05,5.964e-05,8.202e-05,7.35e-05,,,
mp-762240,0.0,0.0,0.0,0.0,0.0,0.0,0.0,0.0,0.0,0.0,3.658e-06,3.835e-06,3.251e-05,,,,,,,,,
mp-762351,0.0,0.0,0.0,0.0,0.0,8.467e-06,1.005e-05,1.017e-05,2.189e-05,1.785e-05,2.997e-05,1.753e-05,4.562e-05,4.645e-05,4.296e-05,4.047e-05,4.763e-05,3.768e-05,3.995e-05,4.906e-05,8.376e-05,6.536e-05
mp-7638,0.0,0.0,0.0,0.0,0.0,0.0,0.0,0.0,0.0,0.0,0.0,0.0,0.0,0.0,0.0,0.0,0.0,0.0,0.0,0.0,0.0,0.0
mp-765481,0.0,0.0,0.0,0.0,,,,,,,,,,,,,,,,,,
mp-765559,0.0,0.0,0.0,0.0,0.0,0.0,3.066e-05,,,,,,,,,,,,,,,
mp-765573,0.0,0.0,0.0,0.0,0.0,0.0,0.0,0.0,0.0,0.0,0.0,0.0,0.0,3.107e-06,0.0,4.113e-06,5.365e-06,7.983e-06,7.001e-06,,,
mp-766103,0.0,0.0,0.0,0.0,0.0,0.0,0.0,0.0,0.0,0.0,0.0,0.0,0.0,0.0,2.437e-06,0.0,,,,,,
mp-766108,0.0,0.0,0.0,0.0,0.0,0.0,0.0,0.0,0.0,0.0,0.0,0.0,0.0,0.0,0.0,0.0,0.0,0.0,0.0,0.0,0.0,0.0
mp-766176,0.0,0.0,0.0,0.0,0.0,0.0,0.0,0.0,0.0,0.0,0.0,0.0,0.0,,,,,,,,,
mp-766208,0.0,0.0,0.0,0.0,0.0,0.0,0.0,0.0,0.0,0.0,0.0,0.0,0.0,0.0,0.0,0.0,0.0,0.0,0.0,0.0,0.0,0.0
mp-766422,2.231e-06,,,,,,,,,,,,,,,,,,,,,
mp-766467,0.0,0.0,0.0,0.0,0.0,0.0,3.721e-06,,,,,,,,,,,,,,,
mp-766506,0.0,0.0,0.0,0.0,,,,,,,,,,,,,,,,,,
mp-766540,0.0,0.0,7.153e-06,2.319e-05,4.331e-05,6.432e-05,8.814e-05,,,,,,,,,,,,,,,
mp-766938,0.0,0.0,0.0,0.0,0.0,0.0,0.0,0.0,0.0,0.0,0.0,6.208e-06,0.0,5.055e-06,7.471e-07,8.071e-06,4.119e-06,1.267e-05,8.891e-06,1.467e-05,3.034e-05,2.006e-05
mp-766995,0.0,0.0,0.0,0.0,0.0,0.0,0.0,0.0,0.0,0.0,0.0,0.0,0.0,0.0,0.0,0.0,0.0,0.0,0.0,0.0,0.0,0.0
mp-767146,0.0,0.0,0.0,0.0,0.0,0.0,0.0,0.0,0.0,0.0,,,,,,,,,,,,
mp-767214,0.0,0.0,0.0,0.0,0.0,7.027e-06,1.081e-05,2.313e-05,2.624e-05,3.24e-05,3.915e-05,4.576e-05,5.433e-05,5.424e-05,6.724e-05,7.601e-05,7.832e-05,9.304e-05,0.0001075,,,
mp-767393,0.0,0.0,0.0,0.0,0.0,0.0,0.0,0.0,0.0,0.0,0.0,0.0,0.0,1.269e-06,3.737e-06,7.817e-06,,,,,,
mp-767498,0.0,0.0,0.0,0.0,0.0,0.0,0.0,0.0,0.0,0.0,0.0,0.0,0.0,,,,,,,,,
mp-768150,0.0,0.0,0.0,0.0,0.0,0.0,0.0,0.0,0.0,0.0,0.0,0.0,0.0,0.0,0.0,0.0,0.0,0.0,0.0,0.0,0.0,0.0
mp-768197,0.0,,,,,,,,,,,,,,,,,,,,,
mp-768740,0.0,0.0,0.0,3.198e-06,3.782e-06,7.626e-06,1.483e-05,1.233e-05,2.682e-05,0.0,,,,,,,,,,,,
mp-768795,0.0,0.0,0.0,0.0,0.0,0.0,0.0,0.0,0.0,0.0,0.0,0.0,0.0,0.0,1.458e-05,3.373e-05,,,,,,
mp-768820,0.0,0.0,0.0,0.0,0.0,0.0,0.0,2.181e-06,5.703e-06,3.364e-05,,,,,,,,,,,,
mp-768884,0.0,0.0,0.0,0.0,0.0,0.0,0.0,0.0,2.281e-06,3.632e-06,,,,,,,,,,,,
mp-7688,0.0,0.0,0.0,0.0,0.0,0.0,0.0,0.0,0.0,0.0,0.0,0.0,0.0,0.0,3.186e-06,5.79e-06,,,,,,
mp-768960,0.0,0.0,0.0,0.0,0.0,0.0,0.0,0.0,0.0,5.325e-06,7.683e-06,1.492e-05,2.834e-05,5.036e-05,6.602e-05,7.871e-05,,,,,,
mp-768986,0.0,0.0,0.0,0.0,0.0,0.0,0.0,0.0,4.426e-06,2.745e-05,,,,,,,,,,,,
mp-769004,0.0,0.0,0.0,0.0,0.0,0.0,0.0,0.0,0.0,0.0,0.0,0.0,0.0,0.0,0.0,0.0,3.086e-06,9.936e-06,9.234e-05,,,
mp-769032,0.0,0.0,0.0,0.0,0.0,0.0,3.36e-05,,,,,,,,,,,,,,,
mp-769040,0.0,0.0,0.0,0.0,0.0,0.0,0.0,,,,,,,,,,,,,,,
mp-769287,0.0,0.0,0.0,0.0,8.076e-06,3.323e-05,5.171e-05,,,,,,,,,,,,,,,
mp-769319,0.0,0.0,0.0,0.0,0.0,0.0,0.0,0.0,0.0,0.0,0.0,0.0,2.991e-06,2.78e-06,3.222e-06,1.036e-05,1.48e-05,2.038e-05,5.383e-05,,,
mp-769380,0.0,0.0,0.0,0.0,3.006e-06,5.383e-06,2.776e-06,1.575e-05,1.732e-05,5.737e-05,5.587e-05,8.02e-05,0.0001032,0.0001399,0.0002101,0.0001776,0.0002561,0.0002165,0.0002908,0.0002519,0.0002703,0.0002408
mp-770280,0.0,0.0,0.0,0.0,2.242e-06,4.631e-06,9.33e-06,1.443e-05,2.446e-05,4.13e-05,,,,,,,,,,,,
mp-770456,0.0,0.0,0.0,0.0,0.0,0.0,0.0,0.0,0.0,0.0,0.0,0.0,0.0,0.0,0.0,0.0,0.0,0.0,0.0,0.0,0.0,0.0
mp-770469,0.0,0.0,0.0,0.0,0.0,0.0,0.0,0.0,0.0,5.608e-06,,,,,,,,,,,,
mp-770649,0.0,0.0,0.0,0.0,0.0,0.0,0.0,0.0,0.0,0.0,0.0,0.0,0.0,0.0,0.0,0.0,2.44e-06,7.609e-05,0.0001145,,,
mp-770799,0.0,0.0,0.0,0.0,0.0,0.0,0.0,0.0,2.039e-06,2.565e-06,,,,,,,,,,,,
mp-770805,0.0,0.0,0.0,0.0,0.0,0.0,0.0,0.0,0.0,0.0,0.0,0.0,0.0,0.0,0.0,0.0,0.0,0.0,0.0,4.396e-06,6.498e-06,8.048e-06
mp-770932,0.0,0.0,0.0,0.0,0.0,0.0,0.0,8.15e-07,3.733e-06,5.271e-06,1.306e-05,1.432e-05,1.778e-05,3.385e-05,4.03e-05,5.291e-05,6.703e-05,8.542e-05,9.552e-05,,,
mp-7714,0.0,0.0,0.0,0.0,0.0,0.0,0.0,0.0,0.0,0.0,0.0,0.0,0.0,0.0,0.0,0.0,0.0,0.0,0.0,0.0,0.0,0.0
mp-772049,0.0,0.0,0.0,0.0,0.0,0.0,0.0,0.0,0.0,5.18e-05,,,,,,,,,,,,
mp-772055,0.0,0.0,0.0,0.0,0.0,0.0,0.0,0.0,0.0,0.0,0.0,0.0,0.0,0.0,0.0,0.0,0.0,0.0,4.248e-06,5.69e-06,1.353e-05,3.303e-05
mp-772073,0.0,0.0,0.0,2.461e-06,2.961e-06,4.328e-06,9.354e-06,7.41e-06,1.866e-05,1.082e-05,2.332e-05,2.814e-05,2.722e-05,,,,,,,,,
mp-772147,0.0,0.0,0.0,0.0,0.0,1.64e-05,1.448e-05,,,,,,,,,,,,,,,
mp-772151,0.0,0.0,0.0,0.0,0.0,0.0,0.0,0.0,0.0,0.0,0.0,0.0,0.0,0.0,0.0,0.0,0.0,3.663e-06,3.556e-06,1.479e-05,1.75e-05,1.559e-05
mp-772185,0.0,0.0,0.0,0.0,0.0,0.0,0.0,0.0,0.0,0.0,0.0,0.0,0.0,0.0,0.0,0.0,0.0,0.0,1.624e-06,1.051e-05,4.643e-05,3.12e-05
mp-772290,0.0,0.0,0.0,0.0,0.0,0.0,0.0,,,,,,,,,,,,,,,
mp-772416,0.0,0.0,0.0,0.0,0.0,0.0,0.0,6.882e-06,1.768e-05,2.495e-05,7.576e-05,8.563e-05,9.082e-05,0.0001138,0.000141,0.0001661,0.0001973,0.0002339,0.0002571,0.0003043,0.0001414,0.0002049
mp-772521,0.0,0.0,0.0,0.0,0.0,0.0,0.0,0.0,1.966e-06,6.702e-06,2.54e-05,4.463e-05,6.092e-05,,,,,,,,,
mp-772535,0.0,1.968e-06,1.315e-05,0.0,1.091e-05,0.0001133,6.226e-05,7.928e-05,6.207e-05,0.000102,0.0001344,7.514e-05,0.0001204,4.963e-06,0.0001166,7.069e-05,,,,,,
mp-772721,0.0,0.0,0.0,0.0,0.0,0.0,0.0,0.0,0.0,0.0,0.0,0.0,0.0,0.0,0.0,0.0,,,,,,
mp-772783,0.0,0.0,0.0,0.0,0.0,0.0,0.0,0.0,0.0,0.0,0.0,0.0,2.264e-06,,,,,,,,,
mp-772938,0.0,0.0,2.738e-06,0.0,7.117e-06,1.216e-05,2.247e-05,3.232e-05,3.459e-05,5.465e-05,,,,,,,,,,,,
mp-773017,0.0,0.0,0.0,1.057e-05,8.882e-06,1.803e-05,2.159e-05,5.719e-05,6.846e-05,0.0001022,0.0001135,0.0001501,0.0001541,0.0001694,0.000191,0.000221,0.0002237,0.0002249,0.0002453,0.0002821,0.0002763,0.000303
mp-773039,0.0,0.0,0.0,0.0,0.0,0.0,0.0,0.0,0.0,0.0,0.0,0.0,0.0,0.0,3.39e-06,4.985e-06,,,,,,
mp-773843,0.0,1.574e-06,4.254e-06,2.946e-06,1.419e-05,2.635e-05,4.394e-05,4.636e-05,7.277e-05,8.166e-05,0.0001194,0.0001259,0.0001215,0.0001777,0.0001897,0.0002374,0.0002208,0.0002391,0.0002378,0.0002662,0.0002764,0.0003071
mp-774702,0.0,0.0,0.0,0.0,0.0,0.0,0.0,0.0,0.0,0.0,0.0,0.0,0.0,0.0,1.531e-06,3.673e-06,7.914e-06,1.077e-05,8.332e-05,,,
mp-774712,0.0,0.0,2.061e-06,5.482e-06,,,,,,,,,,,,,,,,,,
mp-774715,0.0,0.0,0.0,0.0,0.0,0.0,0.0,0.0,0.0,0.0,0.0,0.0,0.0,0.0,0.0,0.0,0.0,0.0,0.0,0.0,0.0,0.0
mp-774736,0.0,,,,,,,,,,,,,,,,,,,,,
mp-774742,0.0,0.0,0.0,4.111e-06,8.133e-06,1.197e-05,1.82e-05,4.399e-05,4.599e-05,5.406e-05,6.996e-05,7.885e-05,9.043e-05,0.0001158,0.0001271,0.0,0.0001289,0.0001396,0.0001639,,,
mp-774749,0.0,0.0,0.0,0.0,0.0,0.0,0.0,0.0,0.0,0.0,0.0,0.0,0.0,0.0,0.0,5.495e-06,,,,,,
mp-774752,0.0,0.0,0.0,0.0,0.0,0.0,0.0,0.0,0.0,0.0,0.0,0.0,0.0,,,,,,,,,
mp-774753,0.0,0.0,0.0,0.0,0.0,0.0,0.0,0.0,0.0,0.0,3.51e-06,1.168e-05,2.766e-05,4.276e-05,5.83e-05,7.08e-05,9.085e-05,0.000114,0.0,,,
mp-774797,0.0,0.0,0.0,0.0,0.0,0.0,0.0,0.0,0.0,0.0,0.0,0.0,0.0,1.182e-06,0.0,5.791e-06,,,,,,
mp-774907,0.0,0.0,0.0,0.0,0.0,0.0,0.0,0.0,0.0,2.734e-05,,,,,,,,,,,,
mp-775430,0.0,0.0,0.0,0.0,0.0,0.0,0.0,0.0,0.0,0.0,0.0,0.0,0.0,0.0,0.0,0.0,0.0,0.0,0.0,,,
mp-7756,0.0,0.0,0.0,0.0,0.0,0.0,0.0,0.0,0.0,0.0,0.0,0.0,3.624e-06,,,,,,,,,
mp-775806,2.148e-06,,,,,,,,,,,,,,,,,,,,,
mp-776108,0.0,0.0,0.0,0.0,0.0,0.0,0.0,0.0,0.0,0.0,0.0,0.0,0.0,0.0,0.0,0.0,0.0,0.0,0.0,0.0,0.0,0.0
mp-778877,0.0,0.0,0.0,0.0,0.0,0.0,0.0,0.0,0.0,0.0,,,,,,,,,,,,
mp-7791,0.0,0.0,0.0,0.0,0.0,0.0,0.0,0.0,0.0,0.0,2.252e-06,1.077e-06,9.249e-06,1.752e-05,2.608e-05,4.249e-05,5.531e-05,0.0001124,0.0001248,,,
mp-7800,0.0,0.0,0.0,0.0,0.0,0.0,0.0,0.0,0.0,0.0,0.0,0.0,0.0,0.0,0.0,0.0,0.0,0.0,0.0,0.0,0.0,0.0
mp-780259,0.0,0.0,0.0,0.0,0.0,0.0,0.0,0.0,0.0,0.0,,,,,,,,,,,,
mp-7936,0.0,0.0,0.0,0.0,0.0,0.0,0.0,0.0,0.0,0.0,0.0,0.0,0.0,0.0,3.263e-06,7.641e-06,,,,,,
mp-7941,0.0,0.0,0.0,0.0,0.0,0.0,0.0,0.0,0.0,0.0,0.0,0.0,0.0,0.0,0.0,0.0,0.0,0.0,2.827e-06,,,
mp-7943,0.0,,,,,,,,,,,,,,,,,,,,,
mp-7955,0.0,3.937e-06,1.526e-05,2.339e-05,3.672e-05,4.629e-05,8.537e-05,,,,,,,,,,,,,,,
mp-7998,0.0,0.0,0.0,0.0,0.0,0.0,0.0,0.0,0.0,0.0,4.519e-06,6.113e-06,2.334e-05,,,,,,,,,
mp-8001,0.0,0.0,0.0,0.0,0.0,0.0,0.0,0.0,0.0,0.0,0.0,0.0,0.0,0.0,0.0,0.0,0.0,0.0,0.0,0.0,0.0,0.0
mp-8070,0.0,0.0,0.0,0.0,0.0,0.0,0.0,0.0,0.0,0.0,0.0,0.0,0.0,0.0,0.0,0.0,0.0,0.0,0.0,0.0,0.0,0.0
mp-8179,0.0,0.0,0.0,0.0,0.0,0.0,0.0,0.0,0.0,0.0,0.0,0.0,0.0,0.0,0.0,0.0,,,,,,
mp-8180,0.0,0.0,0.0,0.0,0.0,0.0,0.0,0.0,0.0,2.028e-05,,,,,,,,,,,,
mp-8181,0.0,0.0,0.0,0.0,0.0,0.0,0.0,0.0,0.0,0.0,5.006e-06,8.155e-06,1.279e-05,2.076e-05,3.153e-05,4.167e-05,4.935e-05,5.554e-05,6.538e-05,7.811e-05,9.621e-05,0.0001078
mp-8184,0.0,0.0,0.0,0.0,0.0,0.0,0.0,0.0,0.0,0.0,0.0,0.0,0.0,0.0,0.0,0.0,0.0,0.0,7.231e-06,,,
mp-8204,0.0,0.0,0.0,0.0,0.0,0.0,0.0,0.0,0.0,0.0,0.0,0.0,0.0,0.0,1.015e-06,0.0,,,,,,
mp-8407,0.0,0.0,0.0,0.0,0.0,0.0,0.0,0.0,0.0,0.0,1.988e-06,5.863e-06,1.311e-05,,,,,,,,,
mp-841,0.0,0.0,0.0,0.0,0.0,0.0,0.0,0.0,0.0,0.0,0.0,0.0,0.0,,,,,,,,,
mp-8430,0.0,0.0,0.0,0.0,0.0,0.0,0.0,0.0,0.0,0.0,0.0,0.0,0.0,0.0,2.594e-06,9.249e-05,,,,,,
mp-8452,0.0,0.0,0.0,0.0,0.0,0.0,0.0,0.0,0.0,0.0,,,,,,,,,,,,
mp-8491,0.0,0.0,0.0,0.0,0.0,0.0,0.0,0.0,5.864e-06,9.369e-06,9.553e-06,1.57e-05,3.298e-05,4.276e-05,3.876e-05,8.606e-05,,,,,,
mp-849223,0.0,0.0,0.0,0.0,0.0,3.908e-06,0.0,8.505e-06,1.37e-05,1.554e-05,1.852e-05,3.057e-05,3.713e-05,4.88e-05,6.161e-05,0.0001123,,,,,,
mp-849732,0.0,0.0,0.0,0.0,0.0,0.0,0.0,3.811e-06,7.722e-06,8.771e-06,1.676e-05,1.831e-05,2.612e-05,3.739e-05,4.355e-05,5.977e-05,5.79e-05,7.348e-05,8.76e-05,,,
mp-849779,0.0,0.0,0.0,2.023e-06,4.553e-06,4.827e-06,9.839e-06,0.0,9.933e-06,2.13e-05,5.494e-05,2.188e-05,3.632e-05,2.79e-05,4.458e-05,4.315e-05,6.634e-05,7.187e-05,6.635e-05,6.102e-05,8.53e-05,8.51e-05
mp-850190,0.0,0.0,0.0,0.0,0.0,0.0,0.0,0.0,0.0,0.0,0.0,5.843e-06,6.719e-06,5.574e-06,8.24e-06,2.361e-05,2.994e-05,8.743e-05,2.766e-05,,,
mp-8609,0.0,0.0,0.0,0.0,0.0,0.0,0.0,0.0,0.0,0.0,0.0,0.0,0.0,2.511e-06,8.721e-06,0.0001053,,,,,,
mp-8610,0.0,0.0,0.0,0.0,0.0,0.0,0.0,0.0,0.0,2.185e-06,4.635e-06,1.101e-05,3.867e-05,,,,,,,,,
mp-8611,0.0,0.0,0.0,0.0,0.0,0.0,0.0,0.0,0.0,3.594e-06,5.078e-06,1.375e-05,5.497e-05,,,,,,,,,
mp-865101,0.0,0.0,0.0,0.0,0.0,0.0,2.209e-05,,,,,,,,,,,,,,,
mp-865713,0.0,0.0,0.0,0.0,0.0,3.081e-05,5.422e-05,,,,,,,,,,,,,,,
mp-865735,0.0,0.0,0.0,0.0,0.0,0.0,0.0,0.0,0.0,0.0,0.0,5.193e-06,1.714e-05,,,,,,,,,
mp-865750,0.0,0.0,0.0,0.0,0.0,0.0,1.321e-05,,,,,,,,,,,,,,,
mp-865965,0.0,0.0,0.0,0.0,0.0,0.0,0.0,0.0,2.954e-06,3.665e-06,,,,,,,,,,,,
mp-865986,0.0,0.0,0.0,0.0,0.0,0.0,0.0,0.0,5.528e-06,8.22e-06,,,,,,,,,,,,
mp-8673,0.0,0.0,0.0,0.0,0.0,0.0,0.0,0.0,0.0,0.0,0.0,0.0,0.0,2.838e-06,7.751e-06,8.651e-06,7.547e-06,1.86e-05,2.492e-05,1.883e-05,3.068e-05,3.95e-05
mp-867677,0.0,0.0,0.0,4.243e-06,,,,,,,,,,,,,,,,,,
mp-867699,0.0,3.851e-06,2.47e-05,4.841e-05,,,,,,,,,,,,,,,,,,
mp-867700,0.0,,,,,,,,,,,,,,,,,,,,,
mp-867712,0.0,0.0,0.0,0.0,0.0,0.0,0.0,,,,,,,,,,,,,,,
mp-8702,0.0,0.0,0.0,0.0,0.0,0.0,0.0,0.0,0.0,0.0,0.0,0.0,0.0,3.103e-06,1.786e-06,9.168e-06,,,,,,
mp-8751,0.0,0.0,0.0,0.0,0.0,0.0,0.0,0.0,0.0,0.0,0.0,0.0,0.0,0.0,1.124e-06,0.0,4.714e-06,0.0001124,0.000134,,,
mp-8754,0.0,0.0,0.0,0.0,0.0,0.0,2.83e-06,,,,,,,,,,,,,,,
mp-8756,0.0,0.0,0.0,0.0,0.0,0.0,0.0,0.0,0.0,0.0,0.0,8.488e-06,3.924e-05,,,,,,,,,
mp-8796,0.0,0.0,0.0,0.0,0.0,0.0,0.0,0.0,0.0,0.0,0.0,0.0,0.0,0.0,0.0,0.0,0.0,0.0,0.0,0.0,0.0,0.0
mp-8804,0.0,0.0,0.0,0.0,0.0,0.0,0.0,0.0,0.0,0.0,5.749e-06,1.357e-05,2.11e-05,5.627e-05,6.013e-05,8.884e-05,0.0001066,0.0001375,0.0001703,0.0001691,0.0002156,0.0002366
mp-8870,0.0,0.0,0.0,0.0,0.0,0.0,0.0,0.0,0.0,0.0,0.0,2.951e-06,0.0,2.605e-06,5.338e-06,7.248e-06,5.773e-06,1.44e-05,2.097e-05,,,
mp-8873,0.0,0.0,0.0,0.0,0.0,0.0,0.0,0.0,0.0,0.0,0.0,0.0,0.0,0.0,2.515e-06,3.161e-06,2.304e-05,5.457e-05,7.817e-05,,,
mp-8874,0.0,0.0,0.0,0.0,0.0,0.0,0.0,0.0,0.0,0.0,0.0,0.0,0.0,3.918e-06,1.654e-06,1.135e-05,1.343e-05,1.516e-05,4.052e-05,5.383e-05,6.087e-05,7.817e-05
mp-8892,0.0,0.0,0.0,0.0,0.0,0.0,0.0,0.0,0.0,0.0,0.0,0.0,0.0,,,,,,,,,
mp-8926,0.0,0.0,0.0,0.0,0.0,0.0,0.0,0.0,0.0,0.0,0.0,3.495e-06,7.326e-06,1.509e-05,2.623e-05,4.425e-05,,,,,,
mp-9018,0.0,0.0,0.0,0.0,0.0,0.0,0.0,0.0,0.0,0.0,0.0,0.0,0.0,,,,,,,,,
mp-9059,0.0,0.0,0.0,0.0,0.0,0.0,0.0,0.0,0.0,0.0,0.0,1.76e-06,1.872e-06,5.016e-06,6.786e-06,1.08e-05,1.618e-05,2.119e-05,2.957e-05,4.12e-05,5.475e-05,5.584e-05
mp-9066,0.0,0.0,0.0,0.0,0.0,0.0,0.0,0.0,0.0,0.0,0.0,0.0,0.0,,,,,,,,,
mp-9124,0.0,0.0,0.0,0.0,0.0,6.852e-06,4.063e-05,,,,,,,,,,,,,,,
mp-9143,0.0,0.0,0.0,0.0,0.0,0.0,0.0,0.0,1.161e-05,3.908e-05,,,,,,,,,,,,
mp-9144,0.0,0.0,0.0,0.0,0.0,0.0,0.0,0.0,6.304e-06,1.216e-05,,,,,,,,,,,,
mp-9172,0.0,0.0,0.0,0.0,0.0,0.0,0.0,0.0,0.0,0.0,3.37e-06,1.365e-05,3.857e-05,,,,,,,,,
mp-9197,0.0,0.0,0.0,0.0,0.0,0.0,0.0,0.0,0.0,0.0,0.0,0.0,0.0,0.0,3.5e-06,7.957e-06,,,,,,
mp-9244,0.0,0.0,0.0,0.0,0.0,0.0,0.0,0.0,0.0,0.0,0.0,0.0,0.0,0.0,0.0,0.0,0.0,0.0,0.0,0.0,0.0,0.0
mp-9245,0.0,0.0,0.0,0.0,0.0,0.0,0.0,0.0,0.0,1.941e-05,,,,,,,,,,,,
mp-9250,0.0,0.0,0.0,0.0,0.0,0.0,0.0,0.0,0.0,0.0,2.327e-06,0.0,5.539e-06,,,,,,,,,
mp-9308,0.0,0.0,0.0,0.0,0.0,0.0,2.74e-06,4.762e-06,1e-05,1.318e-05,2.106e-05,3.166e-05,4.278e-05,,,,,,,,,
mp-950995,0.0,0.0,0.0,4.514e-06,1.119e-05,5.642e-05,9.366e-05,,,,,,,,,,,,,,,
mp-9562,0.0,0.0,0.0,0.0,0.0,0.0,0.0,,,,,,,,,,,,,,,
mp-9575,0.0,0.0,0.0,0.0,,,,,,,,,,,,,,,,,,
mp-9588,0.0,,,,,,,,,,,,,,,,,,,,,
mp-9607,0.0,0.0,0.0,0.0,0.0,0.0,0.0,0.0,5.143e-06,6.257e-06,1.292e-05,1.845e-05,0.0,3.572e-05,3.871e-05,4.547e-05,5.456e-05,6.472e-05,7.42e-05,7.395e-05,8.44e-05,9.613e-05
mp-9610,0.0,0.0,0.0,0.0,0.0,0.0,3.581e-05,,,,,,,,,,,,,,,
mp-961684,0.0,0.0,0.0,2.116e-06,2.881e-06,1.327e-05,1.983e-05,,,,,,,,,,,,,,,
mp-9625,0.0,0.0,0.0,0.0,0.0,0.0,0.0,0.0,0.0,0.0,0.0,0.0,0.0,0.0,0.0,0.0,0.0,0.0,2.504e-06,,,
mp-9657,0.0,0.0,0.0,0.0,0.0,0.0,0.0,0.0,0.0,0.0,0.0,0.0,0.0,1.239e-06,6.743e-06,1.137e-05,1.924e-05,3.007e-05,3.805e-05,,,
mp-966801,0.0,0.0,0.0,0.0,0.0,0.0,0.0,0.0,0.0,0.0,0.0,0.0,0.0,0.0,0.0,0.0,0.0,0.0,0.0,0.0,0.0,0.0
mp-9703,0.0,0.0,0.0,0.0,0.0,0.0,0.0,0.0,0.0,0.0,,,,,,,,,,,,
mp-9719,0.0,0.0,0.0,0.0,0.0,0.0,0.0,0.0,0.0,2.348e-05,,,,,,,,,,,,
mp-9723,0.0,0.0,0.0,0.0,0.0,0.0,0.0,0.0,0.0,0.0,0.0,0.0,0.0,0.0,0.0,0.0,0.0,0.0,0.0,0.0,0.0,0.0
mp-973391,0.0,0.0,0.0,0.0,0.0,0.0,0.0,0.0,0.0,0.0,0.0,1.071e-05,4.505e-06,7.724e-06,0.0,2.284e-05,,,,,,
mp-973793,0.0,0.0,0.0,0.0,0.0,0.0,7.574e-06,1.989e-05,2.962e-05,5.024e-05,6.501e-05,8.826e-05,9.308e-05,,,,,,,,,
mp-976280,0.0,0.0,0.0,2.638e-05,3.231e-05,7.324e-05,9.242e-05,,,,,,,,,,,,,,,
mp-976726,0.0,0.0,0.0,0.0,0.0,0.0,0.0,0.0,0.0,0.0,0.0,0.0,0.0,0.0,3.578e-06,3.193e-06,8.015e-06,5.361e-06,6.502e-06,1.066e-05,1.788e-05,3.779e-05
mp-978840,0.0,0.0,0.0,0.0,0.0,0.0,0.0,0.0,0.0,0.0,0.0,0.0,0.0,0.0,8.006e-06,1.172e-05,1.245e-05,1.541e-05,2.345e-05,,,
mp-979340,0.0,0.0,0.0,0.0,0.0,0.0,0.0,0.0,0.0,0.0,0.0,0.0,0.0,0.0,0.0,0.0,0.0,0.0,0.0,0.0,0.0,0.0
mp-9839,0.0,0.0,0.0,0.0,0.0,0.0,0.0,0.0,0.0,0.0,0.0,0.0,0.0,0.0,0.0,0.0,0.0,0.0,0.0,0.0,0.0,0.0
mp-985582,0.0,0.0,2.439e-06,8.992e-06,,,,,,,,,,,,,,,,,,
mp-985583,0.0,,,,,,,,,,,,,,,,,,,,,
mp-985585,0.0,0.0,0.0,0.0,0.0,0.0,0.0,0.0,0.0,0.0,0.0,0.0,0.0,0.0,0.0,0.0,0.0,2.914e-06,3.985e-06,8.681e-06,1.402e-05,1.779e-05
mp-989405,0.0,0.0,0.0,0.0,0.0,0.0,0.0,0.0,0.0,1.161e-05,3.759e-05,4.844e-05,0.0001048,,,,,,,,,
mp-989504,0.0,0.0,0.0,0.0,0.0,0.0,0.0,0.0,1.156e-05,1.695e-05,,,,,,,,,,,,
mp-989512,0.0,0.0,0.0,0.0,0.0,0.0,0.0,0.0,1.071e-05,2.602e-05,,,,,,,,,,,,
mp-989536,0.0,0.0,0.0,0.0,0.0,0.0,0.0,,,,,,,,,,,,,,,
mp-989551,0.0,0.0,0.0,0.0,0.0,0.0,0.0,0.0,0.0,0.0,0.0,0.0,0.0,0.0,0.0,0.0,0.0,0.0,0.0,0.0,0.0,0.0
mp-989577,0.0,0.0,0.0,0.0,0.0,0.0,0.0,0.0,0.0,0.0,0.0,0.0,0.0,0.0,0.0,0.0,0.0,0.0,0.0,0.0,0.0,0.0
mp-989579,0.0,0.0,0.0,0.0,0.0,0.0,0.0,0.0,0.0,0.0,,,,,,,,,,,,
mp-989583,0.0,0.0,0.0,0.0,0.0,0.0,0.0,0.0,0.0,0.0,0.0,2.034e-06,1.327e-05,,,,,,,,,
mp-9912,0.0,0.0,0.0,4.02e-06,8.582e-06,1.838e-05,2.535e-05,3.113e-05,3.891e-05,4.391e-05,,,,,,,,,,,,
mp-9915,0.0,0.0,0.0,0.0,0.0,0.0,0.0,0.0,0.0,1.711e-06,,,,,,,,,,,,
mp-9919,0.0,0.0,0.0,1.886e-05,,,,,,,,,,,,,,,,,,
